,counts_d3_c95_status,counts_d3_c95_correlation,counts_d4_c95_status,counts_d4_c95_correlation,counts_d3_c50_status,counts_d3_c50_correlation,counts_d3_c95_reg_status,counts_d3_c95_reg_correlation,counts_d3_c50_reg_status,counts_d3_c50_reg_correlation
A4GALT,INFEASIBLE,,INFEASIBLE,,INFEASIBLE,,OPTIMAL,-0.12120394964157026,INFEASIBLE,
AAAS,INFEASIBLE,,INFEASIBLE,,INFEASIBLE,,INFEASIBLE,,INFEASIBLE,
AACS,INFEASIBLE,,INFEASIBLE,,INFEASIBLE,,INFEASIBLE,,INFEASIBLE,
AADAT,INFEASIBLE,,INFEASIBLE,,INFEASIBLE,,OPTIMAL,-0.14794358858087264,INFEASIBLE,
AAGAB,INFEASIBLE,,INFEASIBLE,,INFEASIBLE,,INFEASIBLE,,INFEASIBLE,
AAK1,INFEASIBLE,,INFEASIBLE,,INFEASIBLE,,INFEASIBLE,,INFEASIBLE,
AAMDC,INFEASIBLE,,INFEASIBLE,,INFEASIBLE,,INFEASIBLE,,INFEASIBLE,
AAMP,INFEASIBLE,,INFEASIBLE,,INFEASIBLE,,INFEASIBLE,,INFEASIBLE,
AAR2,INFEASIBLE,,INFEASIBLE,,INFEASIBLE,,INFEASIBLE,,INFEASIBLE,
AARS2,INFEASIBLE,,INFEASIBLE,,INFEASIBLE,,OPTIMAL,-0.12906376297897343,OPTIMAL,-0.11274342272650067
AASDH,INFEASIBLE,,INFEASIBLE,,INFEASIBLE,,OPTIMAL,-0.10712549943703138,INFEASIBLE,
AASDHPPT,INFEASIBLE,,INFEASIBLE,,INFEASIBLE,,INFEASIBLE,,INFEASIBLE,
AASS,INFEASIBLE,,INFEASIBLE,,INFEASIBLE,,OPTIMAL,-0.13742698245114424,INFEASIBLE,
AATF,INFEASIBLE,,INFEASIBLE,,INFEASIBLE,,INFEASIBLE,,INFEASIBLE,
ABCA1,INFEASIBLE,,INFEASIBLE,,INFEASIBLE,,OPTIMAL,-0.09559838139418543,INFEASIBLE,
ABCA5,INFEASIBLE,,INFEASIBLE,,INFEASIBLE,,OPTIMAL,-0.11388307575854499,INFEASIBLE,
ABCA6,INFEASIBLE,,INFEASIBLE,,INFEASIBLE,,OPTIMAL,-0.04408250085739406,OPTIMAL,-0.05258714299671879
ABCB10,INFEASIBLE,,INFEASIBLE,,INFEASIBLE,,OPTIMAL,-0.24504774719950567,INFEASIBLE,
ABCB7,INFEASIBLE,,INFEASIBLE,,INFEASIBLE,,OPTIMAL,-0.16303749821422972,INFEASIBLE,
ABCB8,INFEASIBLE,,INFEASIBLE,,INFEASIBLE,,INFEASIBLE,,INFEASIBLE,
ABCC1,INFEASIBLE,,INFEASIBLE,,INFEASIBLE,,INFEASIBLE,,INFEASIBLE,
ABCC10,INFEASIBLE,,INFEASIBLE,,INFEASIBLE,,OPTIMAL,-0.0702816582436508,OPTIMAL,-0.09475205527937244
ABCC3,OPTIMAL,-0.2153023314908005,OPTIMAL,-0.2943883987356835,INFEASIBLE,,OPTIMAL,-0.06494211724531351,OPTIMAL,-0.03546892232154022
ABCC4,INFEASIBLE,,INFEASIBLE,,INFEASIBLE,,INFEASIBLE,,INFEASIBLE,
ABCC5,INFEASIBLE,,INFEASIBLE,,INFEASIBLE,,OPTIMAL,-0.2586836564241899,INFEASIBLE,
ABCD1,OPTIMAL,-0.610285413406224,OPTIMAL,-0.4685478866881117,INFEASIBLE,,OPTIMAL,-0.06466097017770239,OPTIMAL,-0.05420991210100371
ABCD3,INFEASIBLE,,INFEASIBLE,,INFEASIBLE,,INFEASIBLE,,INFEASIBLE,
ABCD4,INFEASIBLE,,INFEASIBLE,,INFEASIBLE,,OPTIMAL,-0.13875954874816918,INFEASIBLE,
ABCE1,INFEASIBLE,,INFEASIBLE,,INFEASIBLE,,INFEASIBLE,,INFEASIBLE,
ABCF1,INFEASIBLE,,INFEASIBLE,,INFEASIBLE,,INFEASIBLE,,INFEASIBLE,
ABCF2,INFEASIBLE,,INFEASIBLE,,INFEASIBLE,,INFEASIBLE,,INFEASIBLE,
ABCF3,INFEASIBLE,,INFEASIBLE,,INFEASIBLE,,INFEASIBLE,,INFEASIBLE,
ABCG1,OPTIMAL,6.655370859955097e-09,OPTIMAL,0.0,INFEASIBLE,,INFEASIBLE,,INFEASIBLE,
ABHD10,INFEASIBLE,,INFEASIBLE,,INFEASIBLE,,INFEASIBLE,,INFEASIBLE,
ABHD11,INFEASIBLE,,INFEASIBLE,,INFEASIBLE,,INFEASIBLE,,INFEASIBLE,
ABHD12,INFEASIBLE,,INFEASIBLE,,INFEASIBLE,,INFEASIBLE,,INFEASIBLE,
ABHD13,INFEASIBLE,,INFEASIBLE,,INFEASIBLE,,OPTIMAL,-0.10604577508063444,INFEASIBLE,
ABHD14B,INFEASIBLE,,INFEASIBLE,,INFEASIBLE,,OPTIMAL,-0.18987632490836512,INFEASIBLE,
ABHD15,INFEASIBLE,,INFEASIBLE,,INFEASIBLE,,OPTIMAL,-0.14752673127294963,INFEASIBLE,
ABHD17A,OPTIMAL,-0.2665166044261058,OPTIMAL,-0.4209415254491427,INFEASIBLE,,OPTIMAL,-0.1316162561286053,INFEASIBLE,
ABHD17B,INFEASIBLE,,INFEASIBLE,,INFEASIBLE,,OPTIMAL,-0.08723303288413564,INFEASIBLE,
ABHD17C,INFEASIBLE,,INFEASIBLE,,INFEASIBLE,,OPTIMAL,-0.07566067309355573,INFEASIBLE,
ABHD2,INFEASIBLE,,INFEASIBLE,,INFEASIBLE,,INFEASIBLE,,INFEASIBLE,
ABHD3,INFEASIBLE,,INFEASIBLE,,INFEASIBLE,,OPTIMAL,-0.1273782412931684,INFEASIBLE,
ABHD4,INFEASIBLE,,INFEASIBLE,,INFEASIBLE,,OPTIMAL,-0.10697069360972478,OPTIMAL,-0.08871188865005618
ABHD5,INFEASIBLE,,INFEASIBLE,,INFEASIBLE,,INFEASIBLE,,INFEASIBLE,
ABI1,INFEASIBLE,,INFEASIBLE,,INFEASIBLE,,INFEASIBLE,,INFEASIBLE,
ABI2,INFEASIBLE,,INFEASIBLE,,INFEASIBLE,,INFEASIBLE,,INFEASIBLE,
ABI3BP,INFEASIBLE,,INFEASIBLE,,INFEASIBLE,,INFEASIBLE,,INFEASIBLE,
ABL1,INFEASIBLE,,INFEASIBLE,,INFEASIBLE,,INFEASIBLE,,INFEASIBLE,
ABL2,INFEASIBLE,,INFEASIBLE,,INFEASIBLE,,INFEASIBLE,,INFEASIBLE,
ABLIM3,INFEASIBLE,,INFEASIBLE,,INFEASIBLE,,INFEASIBLE,,INFEASIBLE,
ABR,INFEASIBLE,,INFEASIBLE,,INFEASIBLE,,INFEASIBLE,,INFEASIBLE,
ABRACL,INFEASIBLE,,INFEASIBLE,,INFEASIBLE,,INFEASIBLE,,INFEASIBLE,
ABT1,INFEASIBLE,,INFEASIBLE,,INFEASIBLE,,OPTIMAL,-0.3041869456789771,INFEASIBLE,
ABTB1,INFEASIBLE,,INFEASIBLE,,INFEASIBLE,,OPTIMAL,-0.08081518157116269,INFEASIBLE,
ACAA1,INFEASIBLE,,INFEASIBLE,,INFEASIBLE,,OPTIMAL,-0.259771939761773,INFEASIBLE,
ACAA2,INFEASIBLE,,INFEASIBLE,,INFEASIBLE,,INFEASIBLE,,INFEASIBLE,
ACACA,INFEASIBLE,,INFEASIBLE,,INFEASIBLE,,INFEASIBLE,,INFEASIBLE,
ACAD8,INFEASIBLE,,INFEASIBLE,,INFEASIBLE,,OPTIMAL,-0.1822794873361276,INFEASIBLE,
ACAD9,INFEASIBLE,,INFEASIBLE,,INFEASIBLE,,INFEASIBLE,,INFEASIBLE,
ACADM,INFEASIBLE,,INFEASIBLE,,INFEASIBLE,,OPTIMAL,-0.25327786078028874,INFEASIBLE,
ACADS,OPTIMAL,-0.0630171511836252,INFEASIBLE,,INFEASIBLE,,OPTIMAL,-0.07213694809667245,OPTIMAL,-0.04374753061951556
ACADSB,INFEASIBLE,,INFEASIBLE,,INFEASIBLE,,OPTIMAL,-0.16197081779880368,OPTIMAL,-0.12915417395122425
ACADVL,INFEASIBLE,,INFEASIBLE,,INFEASIBLE,,INFEASIBLE,,INFEASIBLE,
ACAP1,INFEASIBLE,,INFEASIBLE,,INFEASIBLE,,OPTIMAL,-0.0939958752472623,INFEASIBLE,
ACAP2,INFEASIBLE,,INFEASIBLE,,INFEASIBLE,,INFEASIBLE,,INFEASIBLE,
ACAT1,INFEASIBLE,,INFEASIBLE,,INFEASIBLE,,INFEASIBLE,,INFEASIBLE,
ACAT2,INFEASIBLE,,INFEASIBLE,,INFEASIBLE,,INFEASIBLE,,INFEASIBLE,
ACBD3,INFEASIBLE,,INFEASIBLE,,INFEASIBLE,,INFEASIBLE,,INFEASIBLE,
ACBD5,INFEASIBLE,,INFEASIBLE,,INFEASIBLE,,OPTIMAL,-0.19052454919632392,INFEASIBLE,
ACBD6,INFEASIBLE,,INFEASIBLE,,INFEASIBLE,,INFEASIBLE,,INFEASIBLE,
ACD,INFEASIBLE,,INFEASIBLE,,INFEASIBLE,,INFEASIBLE,,INFEASIBLE,
ACER3,INFEASIBLE,,INFEASIBLE,,INFEASIBLE,,OPTIMAL,-0.31507987342999627,INFEASIBLE,
ACIN1,INFEASIBLE,,INFEASIBLE,,INFEASIBLE,,INFEASIBLE,,INFEASIBLE,
ACLY,INFEASIBLE,,INFEASIBLE,,INFEASIBLE,,INFEASIBLE,,INFEASIBLE,
ACO1,INFEASIBLE,,INFEASIBLE,,INFEASIBLE,,INFEASIBLE,,INFEASIBLE,
ACO2,INFEASIBLE,,INFEASIBLE,,INFEASIBLE,,OPTIMAL,-0.1334621971299218,INFEASIBLE,
ACOT1,INFEASIBLE,,INFEASIBLE,,INFEASIBLE,,OPTIMAL,-0.17705269845744506,INFEASIBLE,
ACOT13,INFEASIBLE,,INFEASIBLE,,INFEASIBLE,,INFEASIBLE,,INFEASIBLE,
ACOT2,INFEASIBLE,,INFEASIBLE,,INFEASIBLE,,INFEASIBLE,,INFEASIBLE,
ACOT7,INFEASIBLE,,INFEASIBLE,,INFEASIBLE,,INFEASIBLE,,INFEASIBLE,
ACOT8,INFEASIBLE,,INFEASIBLE,,INFEASIBLE,,OPTIMAL,-0.13981867321601768,INFEASIBLE,
ACOT9,INFEASIBLE,,INFEASIBLE,,INFEASIBLE,,INFEASIBLE,,INFEASIBLE,
ACOX1,OPTIMAL,-0.2230675173414281,INFEASIBLE,,INFEASIBLE,,INFEASIBLE,,INFEASIBLE,
ACOX3,INFEASIBLE,,INFEASIBLE,,INFEASIBLE,,OPTIMAL,-0.11360189457531715,INFEASIBLE,
ACP1,INFEASIBLE,,INFEASIBLE,,INFEASIBLE,,INFEASIBLE,,INFEASIBLE,
ACP2,INFEASIBLE,,INFEASIBLE,,INFEASIBLE,,OPTIMAL,-0.1443530483938001,INFEASIBLE,
ACP6,INFEASIBLE,,INFEASIBLE,,INFEASIBLE,,OPTIMAL,-0.08370769843619917,INFEASIBLE,
ACSF3,INFEASIBLE,,INFEASIBLE,,INFEASIBLE,,OPTIMAL,-0.11470757269786581,INFEASIBLE,
ACSL1,INFEASIBLE,,INFEASIBLE,,INFEASIBLE,,INFEASIBLE,,INFEASIBLE,
ACSL3,INFEASIBLE,,INFEASIBLE,,INFEASIBLE,,INFEASIBLE,,INFEASIBLE,
ACSL4,INFEASIBLE,,INFEASIBLE,,INFEASIBLE,,INFEASIBLE,,INFEASIBLE,
ACSS2,INFEASIBLE,,INFEASIBLE,,INFEASIBLE,,OPTIMAL,-0.24812434608495834,INFEASIBLE,
ACSS3,INFEASIBLE,,INFEASIBLE,,INFEASIBLE,,OPTIMAL,-0.12578743146367838,INFEASIBLE,
ACTA2,INFEASIBLE,,INFEASIBLE,,INFEASIBLE,,OPTIMAL,-0.09789536934876705,INFEASIBLE,
ACTB,INFEASIBLE,,INFEASIBLE,,INFEASIBLE,,INFEASIBLE,,INFEASIBLE,
ACTG1,INFEASIBLE,,INFEASIBLE,,INFEASIBLE,,INFEASIBLE,,INFEASIBLE,
ACTL6A,INFEASIBLE,,INFEASIBLE,,INFEASIBLE,,INFEASIBLE,,INFEASIBLE,
ACTN1,INFEASIBLE,,INFEASIBLE,,INFEASIBLE,,INFEASIBLE,,INFEASIBLE,
ACTN4,INFEASIBLE,,INFEASIBLE,,INFEASIBLE,,INFEASIBLE,,INFEASIBLE,
ACTR10,INFEASIBLE,,INFEASIBLE,,INFEASIBLE,,INFEASIBLE,,INFEASIBLE,
ACTR1A,INFEASIBLE,,INFEASIBLE,,INFEASIBLE,,INFEASIBLE,,INFEASIBLE,
ACTR1B,INFEASIBLE,,INFEASIBLE,,INFEASIBLE,,INFEASIBLE,,INFEASIBLE,
ACTR2,INFEASIBLE,,INFEASIBLE,,INFEASIBLE,,INFEASIBLE,,INFEASIBLE,
ACTR3,INFEASIBLE,,INFEASIBLE,,INFEASIBLE,,INFEASIBLE,,INFEASIBLE,
ACTR5,INFEASIBLE,,INFEASIBLE,,INFEASIBLE,,OPTIMAL,-0.12069463242929246,INFEASIBLE,
ACTR6,INFEASIBLE,,INFEASIBLE,,INFEASIBLE,,OPTIMAL,-0.2027250150655207,INFEASIBLE,
ACTR8,INFEASIBLE,,INFEASIBLE,,INFEASIBLE,,INFEASIBLE,,INFEASIBLE,
ACVR1,INFEASIBLE,,INFEASIBLE,,INFEASIBLE,,OPTIMAL,-0.18858331588399754,INFEASIBLE,
ACVR1B,INFEASIBLE,,INFEASIBLE,,INFEASIBLE,,OPTIMAL,-0.09336118937602106,INFEASIBLE,
ACVR2A,OPTIMAL,5.536944793165291e-09,OPTIMAL,-0.1889314869124039,INFEASIBLE,,OPTIMAL,-0.19894745267356967,INFEASIBLE,
ACVRL1,INFEASIBLE,,INFEASIBLE,,INFEASIBLE,,OPTIMAL,-0.16699603583066747,INFEASIBLE,
ACYP1,INFEASIBLE,,INFEASIBLE,,INFEASIBLE,,OPTIMAL,-0.28253141247018976,INFEASIBLE,
ACYP2,INFEASIBLE,,INFEASIBLE,,INFEASIBLE,,OPTIMAL,-0.15210957082051813,OPTIMAL,-0.1268841783028719
ADA,OPTIMAL,-6.497321142332517e-09,OPTIMAL,-0.4010885041980369,INFEASIBLE,,OPTIMAL,-0.08453838207788673,OPTIMAL,-0.030364052517387902
ADAL,INFEASIBLE,,INFEASIBLE,,INFEASIBLE,,INFEASIBLE,,INFEASIBLE,
ADAM10,INFEASIBLE,,INFEASIBLE,,INFEASIBLE,,INFEASIBLE,,INFEASIBLE,
ADAM12,INFEASIBLE,,INFEASIBLE,,INFEASIBLE,,INFEASIBLE,,INFEASIBLE,
ADAM15,INFEASIBLE,,INFEASIBLE,,INFEASIBLE,,INFEASIBLE,,INFEASIBLE,
ADAM17,INFEASIBLE,,INFEASIBLE,,INFEASIBLE,,OPTIMAL,-0.09851621833019615,OPTIMAL,-0.07210852946591316
ADAM22,OPTIMAL,9.438523165302294e-10,OPTIMAL,2.8514910388580363e-08,OPTIMAL,1.2826548429271601e-09,OPTIMAL,-0.33845204056945966,INFEASIBLE,
ADAM33,INFEASIBLE,,INFEASIBLE,,INFEASIBLE,,INFEASIBLE,,INFEASIBLE,
ADAM9,INFEASIBLE,,INFEASIBLE,,INFEASIBLE,,INFEASIBLE,,INFEASIBLE,
ADAMTS1,INFEASIBLE,,INFEASIBLE,,INFEASIBLE,,INFEASIBLE,,INFEASIBLE,
ADAMTS12,INFEASIBLE,,INFEASIBLE,,INFEASIBLE,,OPTIMAL,-0.12270249969414034,INFEASIBLE,
ADAMTS2,INFEASIBLE,,INFEASIBLE,,INFEASIBLE,,INFEASIBLE,,INFEASIBLE,
ADAMTS4,INFEASIBLE,,INFEASIBLE,,INFEASIBLE,,OPTIMAL,-0.10073692023569016,INFEASIBLE,
ADAMTS6,INFEASIBLE,,INFEASIBLE,,INFEASIBLE,,OPTIMAL,-0.16850441375501224,INFEASIBLE,
ADAMTSL1,INFEASIBLE,,INFEASIBLE,,INFEASIBLE,,OPTIMAL,-0.19208670071001896,INFEASIBLE,
ADAR,INFEASIBLE,,INFEASIBLE,,INFEASIBLE,,INFEASIBLE,,INFEASIBLE,
ADARB1,INFEASIBLE,,INFEASIBLE,,INFEASIBLE,,OPTIMAL,-0.09034963460805234,OPTIMAL,-0.11028844334060242
ADAT1,INFEASIBLE,,INFEASIBLE,,INFEASIBLE,,INFEASIBLE,,INFEASIBLE,
ADAT2,INFEASIBLE,,INFEASIBLE,,INFEASIBLE,,OPTIMAL,-0.15296050071355582,INFEASIBLE,
ADCK2,INFEASIBLE,,INFEASIBLE,,INFEASIBLE,,OPTIMAL,-0.16003314632901322,INFEASIBLE,
ADCK5,INFEASIBLE,,INFEASIBLE,,INFEASIBLE,,OPTIMAL,-0.04006472565553467,OPTIMAL,-0.04854496109698757
ADCY3,INFEASIBLE,,INFEASIBLE,,INFEASIBLE,,OPTIMAL,-0.10906867143877486,INFEASIBLE,
ADCY7,INFEASIBLE,,INFEASIBLE,,INFEASIBLE,,OPTIMAL,-0.09732717191548747,OPTIMAL,-0.06986355253099086
ADCY9,INFEASIBLE,,INFEASIBLE,,INFEASIBLE,,OPTIMAL,-0.13777642641032725,INFEASIBLE,
ADD1,INFEASIBLE,,INFEASIBLE,,INFEASIBLE,,INFEASIBLE,,INFEASIBLE,
ADD3,INFEASIBLE,,INFEASIBLE,,INFEASIBLE,,INFEASIBLE,,INFEASIBLE,
ADGRA2,INFEASIBLE,,INFEASIBLE,,INFEASIBLE,,OPTIMAL,-0.13119819840988706,INFEASIBLE,
ADGRA3,INFEASIBLE,,INFEASIBLE,,INFEASIBLE,,OPTIMAL,-0.11059396208676217,OPTIMAL,-0.11176061195694331
ADGRE5,INFEASIBLE,,INFEASIBLE,,INFEASIBLE,,INFEASIBLE,,INFEASIBLE,
ADGRG2,OPTIMAL,-0.4347594426275796,OPTIMAL,-0.7137659594827062,INFEASIBLE,,OPTIMAL,-0.04489274489387345,INFEASIBLE,
ADGRL2,INFEASIBLE,,INFEASIBLE,,INFEASIBLE,,INFEASIBLE,,INFEASIBLE,
ADGRL4,INFEASIBLE,,INFEASIBLE,,INFEASIBLE,,OPTIMAL,-0.2662368416159489,INFEASIBLE,
ADH5,INFEASIBLE,,INFEASIBLE,,INFEASIBLE,,INFEASIBLE,,INFEASIBLE,
ADI1,INFEASIBLE,,INFEASIBLE,,INFEASIBLE,,INFEASIBLE,,INFEASIBLE,
ADIPOR1,INFEASIBLE,,INFEASIBLE,,INFEASIBLE,,INFEASIBLE,,INFEASIBLE,
ADIPOR2,INFEASIBLE,,INFEASIBLE,,INFEASIBLE,,INFEASIBLE,,INFEASIBLE,
ADK,INFEASIBLE,,INFEASIBLE,,INFEASIBLE,,INFEASIBLE,,INFEASIBLE,
ADM,INFEASIBLE,,INFEASIBLE,,INFEASIBLE,,INFEASIBLE,,INFEASIBLE,
ADM5,OPTIMAL,-0.0573863808127868,OPTIMAL,-0.6286171151183033,INFEASIBLE,,OPTIMAL,-0.06435816752733443,INFEASIBLE,
ADNP,INFEASIBLE,,INFEASIBLE,,INFEASIBLE,,INFEASIBLE,,INFEASIBLE,
ADNP2,INFEASIBLE,,INFEASIBLE,,INFEASIBLE,,INFEASIBLE,,INFEASIBLE,
ADO,INFEASIBLE,,INFEASIBLE,,INFEASIBLE,,INFEASIBLE,,INFEASIBLE,
ADORA2B,INFEASIBLE,,INFEASIBLE,,INFEASIBLE,,OPTIMAL,-0.08082452995067778,OPTIMAL,-0.09282532587124268
ADPGK,INFEASIBLE,,INFEASIBLE,,INFEASIBLE,,INFEASIBLE,,INFEASIBLE,
ADRA1B,INFEASIBLE,,INFEASIBLE,,INFEASIBLE,,OPTIMAL,-0.17213738198983972,INFEASIBLE,
ADRB1,OPTIMAL,-0.1259452889525815,INFEASIBLE,,INFEASIBLE,,OPTIMAL,-0.09976702886446462,INFEASIBLE,
ADRB2,INFEASIBLE,,INFEASIBLE,,INFEASIBLE,,OPTIMAL,-0.23678784676382952,INFEASIBLE,
ADRM1,INFEASIBLE,,INFEASIBLE,,INFEASIBLE,,INFEASIBLE,,INFEASIBLE,
ADSL,INFEASIBLE,,INFEASIBLE,,INFEASIBLE,,INFEASIBLE,,INFEASIBLE,
AEBP1,INFEASIBLE,,INFEASIBLE,,INFEASIBLE,,INFEASIBLE,,INFEASIBLE,
AEBP2,INFEASIBLE,,INFEASIBLE,,INFEASIBLE,,INFEASIBLE,,INFEASIBLE,
AEN,INFEASIBLE,,INFEASIBLE,,INFEASIBLE,,INFEASIBLE,,INFEASIBLE,
AFAP1,INFEASIBLE,,INFEASIBLE,,INFEASIBLE,,INFEASIBLE,,INFEASIBLE,
AFAP1L1,INFEASIBLE,,INFEASIBLE,,INFEASIBLE,,OPTIMAL,-0.1801231057448881,INFEASIBLE,
AFF1,INFEASIBLE,,INFEASIBLE,,INFEASIBLE,,INFEASIBLE,,INFEASIBLE,
AFF4,INFEASIBLE,,INFEASIBLE,,INFEASIBLE,,INFEASIBLE,,INFEASIBLE,
AFG3L2,INFEASIBLE,,INFEASIBLE,,INFEASIBLE,,INFEASIBLE,,INFEASIBLE,
AFMID,OPTIMAL,-0.0295761588797272,INFEASIBLE,,INFEASIBLE,,OPTIMAL,-0.06854161974144563,OPTIMAL,-0.04770667195797241
AFTPH,INFEASIBLE,,INFEASIBLE,,INFEASIBLE,,OPTIMAL,-0.16639861143392742,INFEASIBLE,
AGA,INFEASIBLE,,INFEASIBLE,,INFEASIBLE,,OPTIMAL,-0.14232222538504197,INFEASIBLE,
AGAP1,INFEASIBLE,,INFEASIBLE,,INFEASIBLE,,OPTIMAL,-0.18024623607503623,INFEASIBLE,
AGAP3,INFEASIBLE,,INFEASIBLE,,INFEASIBLE,,INFEASIBLE,,INFEASIBLE,
AGAP6,INFEASIBLE,,INFEASIBLE,,INFEASIBLE,,OPTIMAL,-0.12929930240677226,INFEASIBLE,
AGBL5,INFEASIBLE,,INFEASIBLE,,INFEASIBLE,,OPTIMAL,-0.17508870469996649,INFEASIBLE,
AGFG1,INFEASIBLE,,INFEASIBLE,,INFEASIBLE,,INFEASIBLE,,INFEASIBLE,
AGFG2,INFEASIBLE,,INFEASIBLE,,INFEASIBLE,,OPTIMAL,-0.4988286892512743,OPTIMAL,-0.09395398273198041
AGGF1,INFEASIBLE,,INFEASIBLE,,INFEASIBLE,,INFEASIBLE,,INFEASIBLE,
AGK,INFEASIBLE,,INFEASIBLE,,INFEASIBLE,,OPTIMAL,-0.14007683656628064,INFEASIBLE,
AGL,INFEASIBLE,,INFEASIBLE,,INFEASIBLE,,OPTIMAL,-0.1747737916080015,INFEASIBLE,
AGO1,INFEASIBLE,,INFEASIBLE,,INFEASIBLE,,INFEASIBLE,,INFEASIBLE,
AGO2,INFEASIBLE,,INFEASIBLE,,INFEASIBLE,,INFEASIBLE,,INFEASIBLE,
AGO3,INFEASIBLE,,INFEASIBLE,,INFEASIBLE,,OPTIMAL,-0.15221457897769258,INFEASIBLE,
AGO4,INFEASIBLE,,INFEASIBLE,,INFEASIBLE,,OPTIMAL,-0.09754743856427019,OPTIMAL,-0.07828139796959506
AGPAT1,INFEASIBLE,,INFEASIBLE,,INFEASIBLE,,OPTIMAL,-0.18470000180571958,INFEASIBLE,
AGPAT2,INFEASIBLE,,INFEASIBLE,,INFEASIBLE,,INFEASIBLE,,INFEASIBLE,
AGPAT3,INFEASIBLE,,INFEASIBLE,,INFEASIBLE,,INFEASIBLE,,INFEASIBLE,
AGPAT4,INFEASIBLE,,INFEASIBLE,,INFEASIBLE,,OPTIMAL,-0.0972131397519396,INFEASIBLE,
AGPAT5,INFEASIBLE,,INFEASIBLE,,INFEASIBLE,,INFEASIBLE,,INFEASIBLE,
AGPS,INFEASIBLE,,INFEASIBLE,,INFEASIBLE,,INFEASIBLE,,INFEASIBLE,
AGTPBP1,INFEASIBLE,,INFEASIBLE,,INFEASIBLE,,OPTIMAL,-0.14722429024959002,OPTIMAL,-0.08754973427478757
AGTRAP,INFEASIBLE,,INFEASIBLE,,INFEASIBLE,,OPTIMAL,-0.12020590660556278,INFEASIBLE,
AHCTF1,INFEASIBLE,,INFEASIBLE,,INFEASIBLE,,INFEASIBLE,,INFEASIBLE,
AHCY,INFEASIBLE,,INFEASIBLE,,INFEASIBLE,,INFEASIBLE,,INFEASIBLE,
AHCYL1,INFEASIBLE,,INFEASIBLE,,INFEASIBLE,,INFEASIBLE,,INFEASIBLE,
AHDC1,INFEASIBLE,,INFEASIBLE,,INFEASIBLE,,OPTIMAL,-0.18272575127224905,INFEASIBLE,
AHI1,INFEASIBLE,,INFEASIBLE,,INFEASIBLE,,INFEASIBLE,,INFEASIBLE,
AHNAK,INFEASIBLE,,INFEASIBLE,,INFEASIBLE,,INFEASIBLE,,INFEASIBLE,
AHNAK2,INFEASIBLE,,INFEASIBLE,,INFEASIBLE,,INFEASIBLE,,INFEASIBLE,
AHR,INFEASIBLE,,INFEASIBLE,,INFEASIBLE,,INFEASIBLE,,INFEASIBLE,
AHRR,INFEASIBLE,,INFEASIBLE,,INFEASIBLE,,OPTIMAL,-0.1347578601409967,OPTIMAL,-0.13531732381029912
AHSA1,INFEASIBLE,,INFEASIBLE,,INFEASIBLE,,INFEASIBLE,,INFEASIBLE,
AIDA,INFEASIBLE,,INFEASIBLE,,INFEASIBLE,,INFEASIBLE,,INFEASIBLE,
AIFM1,INFEASIBLE,,INFEASIBLE,,INFEASIBLE,,INFEASIBLE,,INFEASIBLE,
AIFM2,INFEASIBLE,,INFEASIBLE,,INFEASIBLE,,INFEASIBLE,,INFEASIBLE,
AIG1,INFEASIBLE,,INFEASIBLE,,INFEASIBLE,,OPTIMAL,-0.22671090330937504,INFEASIBLE,
AIMP1,INFEASIBLE,,INFEASIBLE,,INFEASIBLE,,INFEASIBLE,,INFEASIBLE,
AIMP2,INFEASIBLE,,INFEASIBLE,,INFEASIBLE,,INFEASIBLE,,INFEASIBLE,
AIP,INFEASIBLE,,INFEASIBLE,,INFEASIBLE,,INFEASIBLE,,INFEASIBLE,
AJUBA,INFEASIBLE,,INFEASIBLE,,INFEASIBLE,,OPTIMAL,-0.09648348613081371,OPTIMAL,-0.10401023276021032
AK1,OPTIMAL,-0.396633980540036,INFEASIBLE,,INFEASIBLE,,INFEASIBLE,,INFEASIBLE,
AK2,INFEASIBLE,,INFEASIBLE,,INFEASIBLE,,INFEASIBLE,,INFEASIBLE,
AK3,INFEASIBLE,,INFEASIBLE,,INFEASIBLE,,INFEASIBLE,,INFEASIBLE,
AK4,OPTIMAL,-0.4569568184089727,INFEASIBLE,,INFEASIBLE,,OPTIMAL,-0.10698958237248382,INFEASIBLE,
AK5,INFEASIBLE,,INFEASIBLE,,INFEASIBLE,,INFEASIBLE,,INFEASIBLE,
AK6,INFEASIBLE,,INFEASIBLE,,INFEASIBLE,,INFEASIBLE,,INFEASIBLE,
AKAP1,INFEASIBLE,,INFEASIBLE,,INFEASIBLE,,INFEASIBLE,,INFEASIBLE,
AKAP10,INFEASIBLE,,INFEASIBLE,,INFEASIBLE,,INFEASIBLE,,INFEASIBLE,
AKAP11,INFEASIBLE,,INFEASIBLE,,INFEASIBLE,,INFEASIBLE,,INFEASIBLE,
AKAP12,INFEASIBLE,,INFEASIBLE,,INFEASIBLE,,INFEASIBLE,,INFEASIBLE,
AKAP13,INFEASIBLE,,INFEASIBLE,,INFEASIBLE,,INFEASIBLE,,INFEASIBLE,
AKAP17A,INFEASIBLE,,INFEASIBLE,,INFEASIBLE,,INFEASIBLE,,INFEASIBLE,
AKAP7,INFEASIBLE,,INFEASIBLE,,INFEASIBLE,,OPTIMAL,-0.114799091783148,INFEASIBLE,
AKAP8,INFEASIBLE,,INFEASIBLE,,INFEASIBLE,,INFEASIBLE,,INFEASIBLE,
AKAP8L,INFEASIBLE,,INFEASIBLE,,INFEASIBLE,,OPTIMAL,-0.07824536867560397,INFEASIBLE,
AKAP9,INFEASIBLE,,INFEASIBLE,,INFEASIBLE,,INFEASIBLE,,INFEASIBLE,
AKIP1,INFEASIBLE,,INFEASIBLE,,INFEASIBLE,,INFEASIBLE,,INFEASIBLE,
AKIRIN1,INFEASIBLE,,INFEASIBLE,,INFEASIBLE,,INFEASIBLE,,INFEASIBLE,
AKIRIN2,INFEASIBLE,,INFEASIBLE,,INFEASIBLE,,INFEASIBLE,,INFEASIBLE,
AKNA,INFEASIBLE,,INFEASIBLE,,INFEASIBLE,,OPTIMAL,-0.12658071366296206,INFEASIBLE,
AKR1A1,INFEASIBLE,,INFEASIBLE,,INFEASIBLE,,INFEASIBLE,,INFEASIBLE,
AKR1B1,INFEASIBLE,,INFEASIBLE,,INFEASIBLE,,INFEASIBLE,,INFEASIBLE,
AKR1C1,INFEASIBLE,,INFEASIBLE,,INFEASIBLE,,INFEASIBLE,,INFEASIBLE,
AKR1C2,INFEASIBLE,,INFEASIBLE,,INFEASIBLE,,INFEASIBLE,,INFEASIBLE,
AKR1C3,INFEASIBLE,,INFEASIBLE,,INFEASIBLE,,INFEASIBLE,,INFEASIBLE,
AKR1E2,INFEASIBLE,,INFEASIBLE,,INFEASIBLE,,OPTIMAL,-0.07588999400965796,OPTIMAL,-0.09131800969438914
AKR7A2,INFEASIBLE,,INFEASIBLE,,INFEASIBLE,,INFEASIBLE,,INFEASIBLE,
AKT1,INFEASIBLE,,INFEASIBLE,,INFEASIBLE,,INFEASIBLE,,INFEASIBLE,
AKT1S1,OPTIMAL,1.183429639866794e-09,INFEASIBLE,,INFEASIBLE,,OPTIMAL,-0.1553411555329321,INFEASIBLE,
AKT2,INFEASIBLE,,INFEASIBLE,,INFEASIBLE,,INFEASIBLE,,INFEASIBLE,
AKT3,OPTIMAL,-0.2410667847810014,INFEASIBLE,,INFEASIBLE,,INFEASIBLE,,INFEASIBLE,
AKTIP,INFEASIBLE,,INFEASIBLE,,INFEASIBLE,,OPTIMAL,-0.14925243194552856,INFEASIBLE,
ALAD,OPTIMAL,-0.2546215651699945,INFEASIBLE,,INFEASIBLE,,OPTIMAL,-0.12887345753513255,INFEASIBLE,
ALAS1,INFEASIBLE,,INFEASIBLE,,INFEASIBLE,,OPTIMAL,-0.19035362863568936,INFEASIBLE,
ALCAM,INFEASIBLE,,INFEASIBLE,,INFEASIBLE,,INFEASIBLE,,INFEASIBLE,
ALDH16A1,INFEASIBLE,,INFEASIBLE,,INFEASIBLE,,INFEASIBLE,,INFEASIBLE,
ALDH18A1,INFEASIBLE,,INFEASIBLE,,INFEASIBLE,,INFEASIBLE,,INFEASIBLE,
ALDH1B1,INFEASIBLE,,INFEASIBLE,,INFEASIBLE,,INFEASIBLE,,INFEASIBLE,
ALDH1L2,INFEASIBLE,,INFEASIBLE,,INFEASIBLE,,INFEASIBLE,,INFEASIBLE,
ALDH2,INFEASIBLE,,INFEASIBLE,,INFEASIBLE,,OPTIMAL,-0.14189273482075496,INFEASIBLE,
ALDH3A2,INFEASIBLE,,INFEASIBLE,,INFEASIBLE,,INFEASIBLE,,INFEASIBLE,
ALDH3B1,INFEASIBLE,,INFEASIBLE,,INFEASIBLE,,OPTIMAL,-0.1429704748381343,INFEASIBLE,
ALDH6A1,OPTIMAL,-0.2383056757275465,OPTIMAL,-0.5205593759576381,INFEASIBLE,,OPTIMAL,-0.07312390488630523,OPTIMAL,-0.038266266208869325
ALDH7A1,INFEASIBLE,,INFEASIBLE,,INFEASIBLE,,INFEASIBLE,,INFEASIBLE,
ALDH9A1,INFEASIBLE,,INFEASIBLE,,INFEASIBLE,,INFEASIBLE,,INFEASIBLE,
ALDOA,INFEASIBLE,,INFEASIBLE,,INFEASIBLE,,INFEASIBLE,,INFEASIBLE,
ALG1,INFEASIBLE,,INFEASIBLE,,INFEASIBLE,,OPTIMAL,-0.12948958709483605,OPTIMAL,-0.11350675369148344
ALG11,INFEASIBLE,,INFEASIBLE,,INFEASIBLE,,OPTIMAL,-0.09689626136360134,INFEASIBLE,
ALG13,INFEASIBLE,,INFEASIBLE,,INFEASIBLE,,OPTIMAL,-0.3119038720107637,INFEASIBLE,
ALG14,INFEASIBLE,,INFEASIBLE,,INFEASIBLE,,INFEASIBLE,,INFEASIBLE,
ALG2,INFEASIBLE,,INFEASIBLE,,INFEASIBLE,,INFEASIBLE,,INFEASIBLE,
ALG3,INFEASIBLE,,INFEASIBLE,,INFEASIBLE,,INFEASIBLE,,INFEASIBLE,
ALG5,INFEASIBLE,,INFEASIBLE,,INFEASIBLE,,INFEASIBLE,,INFEASIBLE,
ALG6,INFEASIBLE,,INFEASIBLE,,INFEASIBLE,,INFEASIBLE,,INFEASIBLE,
ALG8,INFEASIBLE,,INFEASIBLE,,INFEASIBLE,,OPTIMAL,-0.3249460430721551,INFEASIBLE,
ALG9,INFEASIBLE,,INFEASIBLE,,INFEASIBLE,,OPTIMAL,-0.06496943344028124,OPTIMAL,-0.08047345304932617
ALKBH1,INFEASIBLE,,INFEASIBLE,,INFEASIBLE,,OPTIMAL,-0.1510380721609378,INFEASIBLE,
ALKBH2,INFEASIBLE,,INFEASIBLE,,INFEASIBLE,,OPTIMAL,-0.18345296513195833,INFEASIBLE,
ALKBH3,INFEASIBLE,,INFEASIBLE,,INFEASIBLE,,OPTIMAL,-0.21741916981795037,INFEASIBLE,
ALKBH5,INFEASIBLE,,INFEASIBLE,,INFEASIBLE,,INFEASIBLE,,INFEASIBLE,
ALKBH7,INFEASIBLE,,INFEASIBLE,,INFEASIBLE,,OPTIMAL,-0.2003761256499288,INFEASIBLE,
ALKBH8,INFEASIBLE,,INFEASIBLE,,INFEASIBLE,,OPTIMAL,-0.1303018842561328,INFEASIBLE,
ALMS1,INFEASIBLE,,INFEASIBLE,,INFEASIBLE,,OPTIMAL,-0.15510989536873213,INFEASIBLE,
ALPK1,INFEASIBLE,,INFEASIBLE,,INFEASIBLE,,OPTIMAL,-0.09220907125766292,INFEASIBLE,
ALPK2,OPTIMAL,-0.207147788625967,OPTIMAL,-0.4318031906897724,INFEASIBLE,,OPTIMAL,-0.07043119064824226,INFEASIBLE,
ALS2,INFEASIBLE,,INFEASIBLE,,INFEASIBLE,,INFEASIBLE,,INFEASIBLE,
ALYREF,INFEASIBLE,,INFEASIBLE,,INFEASIBLE,,INFEASIBLE,,INFEASIBLE,
AMBRA1,INFEASIBLE,,INFEASIBLE,,INFEASIBLE,,OPTIMAL,-0.12666036071918607,INFEASIBLE,
AMD1,INFEASIBLE,,INFEASIBLE,,INFEASIBLE,,INFEASIBLE,,INFEASIBLE,
AMDHD2,INFEASIBLE,,INFEASIBLE,,INFEASIBLE,,OPTIMAL,-0.114188069640484,INFEASIBLE,
AMFR,INFEASIBLE,,INFEASIBLE,,INFEASIBLE,,INFEASIBLE,,INFEASIBLE,
AMMECR1,OPTIMAL,8.799992847408673e-08,INFEASIBLE,,INFEASIBLE,,INFEASIBLE,,INFEASIBLE,
AMMECR1L,OPTIMAL,-0.2677299051507386,INFEASIBLE,,INFEASIBLE,,INFEASIBLE,,INFEASIBLE,
AMOT,OPTIMAL,-0.047131679644021,INFEASIBLE,,INFEASIBLE,,OPTIMAL,-0.0846018933183726,OPTIMAL,-0.05490730026535751
AMOTL1,INFEASIBLE,,INFEASIBLE,,INFEASIBLE,,INFEASIBLE,,INFEASIBLE,
AMOTL2,INFEASIBLE,,INFEASIBLE,,INFEASIBLE,,INFEASIBLE,,INFEASIBLE,
AMPD2,INFEASIBLE,,INFEASIBLE,,INFEASIBLE,,INFEASIBLE,,INFEASIBLE,
AMPD3,INFEASIBLE,,INFEASIBLE,,INFEASIBLE,,OPTIMAL,-0.09241199177875994,INFEASIBLE,
AMZ2,INFEASIBLE,,INFEASIBLE,,INFEASIBLE,,INFEASIBLE,,INFEASIBLE,
ANAPC1,INFEASIBLE,,INFEASIBLE,,INFEASIBLE,,INFEASIBLE,,INFEASIBLE,
ANAPC10,INFEASIBLE,,INFEASIBLE,,INFEASIBLE,,OPTIMAL,-0.1499725029915299,INFEASIBLE,
ANAPC11,INFEASIBLE,,INFEASIBLE,,INFEASIBLE,,INFEASIBLE,,INFEASIBLE,
ANAPC13,INFEASIBLE,,INFEASIBLE,,INFEASIBLE,,INFEASIBLE,,INFEASIBLE,
ANAPC15,INFEASIBLE,,INFEASIBLE,,INFEASIBLE,,INFEASIBLE,,INFEASIBLE,
ANAPC16,INFEASIBLE,,INFEASIBLE,,INFEASIBLE,,INFEASIBLE,,INFEASIBLE,
ANAPC2,OPTIMAL,-0.1538040182462759,OPTIMAL,-0.2463396804201069,INFEASIBLE,,OPTIMAL,-0.05526752333155122,OPTIMAL,-0.0360431706091747
ANAPC4,INFEASIBLE,,INFEASIBLE,,INFEASIBLE,,INFEASIBLE,,INFEASIBLE,
ANAPC5,INFEASIBLE,,INFEASIBLE,,INFEASIBLE,,INFEASIBLE,,INFEASIBLE,
ANAPC7,INFEASIBLE,,INFEASIBLE,,INFEASIBLE,,INFEASIBLE,,INFEASIBLE,
ANGEL1,INFEASIBLE,,INFEASIBLE,,INFEASIBLE,,OPTIMAL,-0.11309953754852313,OPTIMAL,-0.09185079193997271
ANGEL2,INFEASIBLE,,INFEASIBLE,,INFEASIBLE,,OPTIMAL,-0.2957296365006492,INFEASIBLE,
ANGPTL4,INFEASIBLE,,INFEASIBLE,,INFEASIBLE,,OPTIMAL,-0.1714972881085601,INFEASIBLE,
ANK2,INFEASIBLE,,INFEASIBLE,,INFEASIBLE,,OPTIMAL,-0.13097760494965777,INFEASIBLE,
ANKEF1,OPTIMAL,-0.101287824361706,OPTIMAL,-0.4956686943531832,INFEASIBLE,,OPTIMAL,-0.0614432820439964,OPTIMAL,-0.03228747733858531
ANKFY1,INFEASIBLE,,INFEASIBLE,,INFEASIBLE,,INFEASIBLE,,INFEASIBLE,
ANKH,INFEASIBLE,,INFEASIBLE,,INFEASIBLE,,INFEASIBLE,,INFEASIBLE,
ANKHD1,INFEASIBLE,,INFEASIBLE,,INFEASIBLE,,OPTIMAL,-0.056270805058399403,OPTIMAL,-0.06891213410631637
ANKIB1,INFEASIBLE,,INFEASIBLE,,INFEASIBLE,,INFEASIBLE,,INFEASIBLE,
ANKLE2,INFEASIBLE,,INFEASIBLE,,INFEASIBLE,,INFEASIBLE,,INFEASIBLE,
ANKMY2,INFEASIBLE,,INFEASIBLE,,INFEASIBLE,,OPTIMAL,-0.16894646204962485,INFEASIBLE,
ANKRD1,INFEASIBLE,,INFEASIBLE,,INFEASIBLE,,OPTIMAL,-0.11690429904136615,INFEASIBLE,
ANKRD10,INFEASIBLE,,INFEASIBLE,,INFEASIBLE,,INFEASIBLE,,INFEASIBLE,
ANKRD11,INFEASIBLE,,INFEASIBLE,,INFEASIBLE,,INFEASIBLE,,INFEASIBLE,
ANKRD12,INFEASIBLE,,INFEASIBLE,,INFEASIBLE,,INFEASIBLE,,INFEASIBLE,
ANKRD13A,INFEASIBLE,,INFEASIBLE,,INFEASIBLE,,INFEASIBLE,,INFEASIBLE,
ANKRD13C,INFEASIBLE,,INFEASIBLE,,INFEASIBLE,,INFEASIBLE,,INFEASIBLE,
ANKRD13D,INFEASIBLE,,INFEASIBLE,,INFEASIBLE,,INFEASIBLE,,INFEASIBLE,
ANKRD16,INFEASIBLE,,INFEASIBLE,,INFEASIBLE,,OPTIMAL,-0.077826153095743,INFEASIBLE,
ANKRD17,INFEASIBLE,,INFEASIBLE,,INFEASIBLE,,INFEASIBLE,,INFEASIBLE,
ANKRD2,INFEASIBLE,,INFEASIBLE,,INFEASIBLE,,OPTIMAL,-0.08241709296336458,INFEASIBLE,
ANKRD26,INFEASIBLE,,INFEASIBLE,,INFEASIBLE,,INFEASIBLE,,INFEASIBLE,
ANKRD27,INFEASIBLE,,INFEASIBLE,,INFEASIBLE,,OPTIMAL,-0.3165763207896032,INFEASIBLE,
ANKRD28,INFEASIBLE,,INFEASIBLE,,INFEASIBLE,,INFEASIBLE,,INFEASIBLE,
ANKRD34A,INFEASIBLE,,INFEASIBLE,,INFEASIBLE,,OPTIMAL,-0.09246861259474795,OPTIMAL,-0.08796903380059702
ANKRD35,INFEASIBLE,,INFEASIBLE,,INFEASIBLE,,OPTIMAL,-0.1781946855691952,INFEASIBLE,
ANKRD36,INFEASIBLE,,INFEASIBLE,,INFEASIBLE,,INFEASIBLE,,INFEASIBLE,
ANKRD36B,INFEASIBLE,,INFEASIBLE,,INFEASIBLE,,INFEASIBLE,,INFEASIBLE,
ANKRD36C,INFEASIBLE,,INFEASIBLE,,INFEASIBLE,,INFEASIBLE,,INFEASIBLE,
ANKRD37,INFEASIBLE,,INFEASIBLE,,INFEASIBLE,,OPTIMAL,-0.10624269921788945,INFEASIBLE,
ANKRD39,INFEASIBLE,,INFEASIBLE,,INFEASIBLE,,OPTIMAL,-0.1956182631022725,INFEASIBLE,
ANKRD40,INFEASIBLE,,INFEASIBLE,,INFEASIBLE,,INFEASIBLE,,INFEASIBLE,
ANKRD42,OPTIMAL,-0.1361280134566873,INFEASIBLE,,INFEASIBLE,,OPTIMAL,-0.09555796936480036,INFEASIBLE,
ANKRD46,INFEASIBLE,,INFEASIBLE,,INFEASIBLE,,OPTIMAL,-0.055293747316251016,INFEASIBLE,
ANKRD49,INFEASIBLE,,INFEASIBLE,,INFEASIBLE,,OPTIMAL,-0.1883462714337088,INFEASIBLE,
ANKRD50,INFEASIBLE,,INFEASIBLE,,INFEASIBLE,,INFEASIBLE,,INFEASIBLE,
ANKRD52,INFEASIBLE,,INFEASIBLE,,INFEASIBLE,,INFEASIBLE,,INFEASIBLE,
ANKRD54,INFEASIBLE,,INFEASIBLE,,INFEASIBLE,,INFEASIBLE,,INFEASIBLE,
ANKRD9,INFEASIBLE,,INFEASIBLE,,INFEASIBLE,,OPTIMAL,-0.13702844070273035,OPTIMAL,-0.10954733318883879
ANKS1A,INFEASIBLE,,INFEASIBLE,,INFEASIBLE,,OPTIMAL,-0.12075431372594375,OPTIMAL,-0.11440369723458076
ANKS3,INFEASIBLE,,INFEASIBLE,,INFEASIBLE,,INFEASIBLE,,INFEASIBLE,
ANKS6,INFEASIBLE,,INFEASIBLE,,INFEASIBLE,,INFEASIBLE,,INFEASIBLE,
ANKZF1,INFEASIBLE,,INFEASIBLE,,INFEASIBLE,,OPTIMAL,-0.11440208950647415,INFEASIBLE,
ANLN,INFEASIBLE,,INFEASIBLE,,INFEASIBLE,,INFEASIBLE,,INFEASIBLE,
ANO10,INFEASIBLE,,INFEASIBLE,,INFEASIBLE,,OPTIMAL,-0.17068194163923645,OPTIMAL,-0.13626354681252506
ANO3,INFEASIBLE,,INFEASIBLE,,INFEASIBLE,,OPTIMAL,-0.06652865350773757,OPTIMAL,-0.05032740882588833
ANO6,INFEASIBLE,,INFEASIBLE,,INFEASIBLE,,INFEASIBLE,,INFEASIBLE,
ANP32A,INFEASIBLE,,INFEASIBLE,,INFEASIBLE,,INFEASIBLE,,INFEASIBLE,
ANP32B,INFEASIBLE,,INFEASIBLE,,INFEASIBLE,,INFEASIBLE,,INFEASIBLE,
ANP32E,INFEASIBLE,,INFEASIBLE,,INFEASIBLE,,INFEASIBLE,,INFEASIBLE,
ANPEP,INFEASIBLE,,INFEASIBLE,,INFEASIBLE,,INFEASIBLE,,INFEASIBLE,
ANTXR1,INFEASIBLE,,INFEASIBLE,,INFEASIBLE,,INFEASIBLE,,INFEASIBLE,
ANTXR2,INFEASIBLE,,INFEASIBLE,,INFEASIBLE,,INFEASIBLE,,INFEASIBLE,
ANXA1,INFEASIBLE,,INFEASIBLE,,INFEASIBLE,,INFEASIBLE,,INFEASIBLE,
ANXA11,INFEASIBLE,,INFEASIBLE,,INFEASIBLE,,INFEASIBLE,,INFEASIBLE,
ANXA2,INFEASIBLE,,INFEASIBLE,,INFEASIBLE,,INFEASIBLE,,INFEASIBLE,
ANXA2R,OPTIMAL,-0.1019592610798705,OPTIMAL,-0.706412665660893,INFEASIBLE,,OPTIMAL,-0.04075832595300331,INFEASIBLE,
ANXA3,INFEASIBLE,,INFEASIBLE,,INFEASIBLE,,OPTIMAL,-0.06296422618043314,INFEASIBLE,
ANXA4,INFEASIBLE,,INFEASIBLE,,INFEASIBLE,,INFEASIBLE,,INFEASIBLE,
ANXA5,INFEASIBLE,,INFEASIBLE,,INFEASIBLE,,INFEASIBLE,,INFEASIBLE,
ANXA6,INFEASIBLE,,INFEASIBLE,,INFEASIBLE,,INFEASIBLE,,INFEASIBLE,
ANXA7,INFEASIBLE,,INFEASIBLE,,INFEASIBLE,,INFEASIBLE,,INFEASIBLE,
AOX1,INFEASIBLE,,INFEASIBLE,,INFEASIBLE,,INFEASIBLE,,INFEASIBLE,
AP1AR,INFEASIBLE,,INFEASIBLE,,INFEASIBLE,,OPTIMAL,-0.1943053343519575,INFEASIBLE,
AP1B1,INFEASIBLE,,INFEASIBLE,,INFEASIBLE,,INFEASIBLE,,INFEASIBLE,
AP1G1,INFEASIBLE,,INFEASIBLE,,INFEASIBLE,,INFEASIBLE,,INFEASIBLE,
AP1M1,INFEASIBLE,,INFEASIBLE,,INFEASIBLE,,INFEASIBLE,,INFEASIBLE,
AP1S1,INFEASIBLE,,INFEASIBLE,,INFEASIBLE,,OPTIMAL,-0.325246666977992,INFEASIBLE,
AP1S2,INFEASIBLE,,INFEASIBLE,,INFEASIBLE,,INFEASIBLE,,INFEASIBLE,
AP2A1,INFEASIBLE,,INFEASIBLE,,INFEASIBLE,,INFEASIBLE,,INFEASIBLE,
AP2A2,INFEASIBLE,,INFEASIBLE,,INFEASIBLE,,INFEASIBLE,,INFEASIBLE,
AP2B1,INFEASIBLE,,INFEASIBLE,,INFEASIBLE,,INFEASIBLE,,INFEASIBLE,
AP2M1,INFEASIBLE,,INFEASIBLE,,INFEASIBLE,,INFEASIBLE,,INFEASIBLE,
AP2S1,INFEASIBLE,,INFEASIBLE,,INFEASIBLE,,INFEASIBLE,,INFEASIBLE,
AP3B1,INFEASIBLE,,INFEASIBLE,,INFEASIBLE,,INFEASIBLE,,INFEASIBLE,
AP3D1,INFEASIBLE,,INFEASIBLE,,INFEASIBLE,,INFEASIBLE,,INFEASIBLE,
AP3M1,INFEASIBLE,,INFEASIBLE,,INFEASIBLE,,INFEASIBLE,,INFEASIBLE,
AP3M2,INFEASIBLE,,INFEASIBLE,,INFEASIBLE,,INFEASIBLE,,INFEASIBLE,
AP3S1,INFEASIBLE,,INFEASIBLE,,INFEASIBLE,,INFEASIBLE,,INFEASIBLE,
AP3S2,INFEASIBLE,,INFEASIBLE,,INFEASIBLE,,OPTIMAL,-0.07611852581420583,OPTIMAL,-0.08719225476898636
AP4B1,INFEASIBLE,,INFEASIBLE,,INFEASIBLE,,INFEASIBLE,,INFEASIBLE,
AP4E1,INFEASIBLE,,INFEASIBLE,,INFEASIBLE,,INFEASIBLE,,INFEASIBLE,
AP4M1,OPTIMAL,-0.2761096230496221,INFEASIBLE,,INFEASIBLE,,OPTIMAL,-0.08156173143042181,INFEASIBLE,
AP5B1,INFEASIBLE,,INFEASIBLE,,INFEASIBLE,,OPTIMAL,-0.07281406280043538,INFEASIBLE,
AP5M1,INFEASIBLE,,INFEASIBLE,,INFEASIBLE,,INFEASIBLE,,INFEASIBLE,
AP5S1,INFEASIBLE,,INFEASIBLE,,INFEASIBLE,,INFEASIBLE,,INFEASIBLE,
AP5Z1,INFEASIBLE,,INFEASIBLE,,INFEASIBLE,,OPTIMAL,-0.1033258298792761,INFEASIBLE,
APAF1,INFEASIBLE,,INFEASIBLE,,INFEASIBLE,,OPTIMAL,-0.12212754829700355,OPTIMAL,-0.098209675869961
APBA1,INFEASIBLE,,INFEASIBLE,,INFEASIBLE,,OPTIMAL,-0.07363370568347184,OPTIMAL,-0.08935986028662529
APBA3,OPTIMAL,-0.1428738151499066,INFEASIBLE,,INFEASIBLE,,OPTIMAL,-0.07741339515771896,INFEASIBLE,
APBB1,INFEASIBLE,,INFEASIBLE,,INFEASIBLE,,OPTIMAL,-0.16273607543617674,INFEASIBLE,
APBB2,INFEASIBLE,,INFEASIBLE,,INFEASIBLE,,INFEASIBLE,,INFEASIBLE,
APC,INFEASIBLE,,INFEASIBLE,,INFEASIBLE,,INFEASIBLE,,INFEASIBLE,
APCDD1,INFEASIBLE,,INFEASIBLE,,INFEASIBLE,,INFEASIBLE,,INFEASIBLE,
APEH,INFEASIBLE,,INFEASIBLE,,INFEASIBLE,,INFEASIBLE,,INFEASIBLE,
APEX1,INFEASIBLE,,INFEASIBLE,,INFEASIBLE,,INFEASIBLE,,INFEASIBLE,
APEX2,INFEASIBLE,,INFEASIBLE,,INFEASIBLE,,OPTIMAL,-0.19618351227229244,INFEASIBLE,
APH1A,INFEASIBLE,,INFEASIBLE,,INFEASIBLE,,OPTIMAL,-0.28960454698178995,INFEASIBLE,
APH1B,INFEASIBLE,,INFEASIBLE,,INFEASIBLE,,OPTIMAL,-0.14427219614727516,INFEASIBLE,
API5,INFEASIBLE,,INFEASIBLE,,INFEASIBLE,,INFEASIBLE,,INFEASIBLE,
APIP,INFEASIBLE,,INFEASIBLE,,INFEASIBLE,,OPTIMAL,-0.1535595295548856,INFEASIBLE,
APLP2,INFEASIBLE,,INFEASIBLE,,INFEASIBLE,,INFEASIBLE,,INFEASIBLE,
APMAP,INFEASIBLE,,INFEASIBLE,,INFEASIBLE,,INFEASIBLE,,INFEASIBLE,
APOBEC3A,INFEASIBLE,,INFEASIBLE,,INFEASIBLE,,OPTIMAL,-0.18041568781295958,INFEASIBLE,
APOBEC3B,INFEASIBLE,,INFEASIBLE,,INFEASIBLE,,INFEASIBLE,,INFEASIBLE,
APOBEC3C,INFEASIBLE,,INFEASIBLE,,INFEASIBLE,,OPTIMAL,-0.19796734853527806,INFEASIBLE,
APOBEC3D,INFEASIBLE,,INFEASIBLE,,INFEASIBLE,,OPTIMAL,-0.08969556435577859,OPTIMAL,-0.08840252981590621
APOBEC3G,INFEASIBLE,,INFEASIBLE,,INFEASIBLE,,OPTIMAL,-0.07247170443866842,OPTIMAL,-0.07468103996718659
APOD,INFEASIBLE,,INFEASIBLE,,INFEASIBLE,,INFEASIBLE,,INFEASIBLE,
APOL2,INFEASIBLE,,INFEASIBLE,,INFEASIBLE,,INFEASIBLE,,INFEASIBLE,
APOL6,INFEASIBLE,,INFEASIBLE,,INFEASIBLE,,INFEASIBLE,,INFEASIBLE,
APOLD1,INFEASIBLE,,INFEASIBLE,,INFEASIBLE,,OPTIMAL,-0.17676042684234577,OPTIMAL,-0.15891576184475822
APOO,INFEASIBLE,,INFEASIBLE,,INFEASIBLE,,OPTIMAL,-0.1284690004863632,INFEASIBLE,
APOOL,INFEASIBLE,,INFEASIBLE,,INFEASIBLE,,OPTIMAL,-0.15196811481739822,INFEASIBLE,
APP,INFEASIBLE,,INFEASIBLE,,INFEASIBLE,,INFEASIBLE,,INFEASIBLE,
APPBP2,INFEASIBLE,,INFEASIBLE,,INFEASIBLE,,OPTIMAL,-0.3266467142672006,INFEASIBLE,
APPL1,INFEASIBLE,,INFEASIBLE,,INFEASIBLE,,INFEASIBLE,,INFEASIBLE,
APPL2,INFEASIBLE,,INFEASIBLE,,INFEASIBLE,,INFEASIBLE,,INFEASIBLE,
APRT,INFEASIBLE,,INFEASIBLE,,INFEASIBLE,,INFEASIBLE,,INFEASIBLE,
APTX,INFEASIBLE,,INFEASIBLE,,INFEASIBLE,,INFEASIBLE,,INFEASIBLE,
AQP1,INFEASIBLE,,INFEASIBLE,,INFEASIBLE,,INFEASIBLE,,INFEASIBLE,
AQR,INFEASIBLE,,INFEASIBLE,,INFEASIBLE,,INFEASIBLE,,INFEASIBLE,
AR,OPTIMAL,-0.991187053896248,INFEASIBLE,,INFEASIBLE,,OPTIMAL,-0.12409848302052892,INFEASIBLE,
ARAF,INFEASIBLE,,INFEASIBLE,,INFEASIBLE,,INFEASIBLE,,INFEASIBLE,
ARAP1,INFEASIBLE,,INFEASIBLE,,INFEASIBLE,,OPTIMAL,-0.0746529815119229,OPTIMAL,-0.08145335254598479
ARAP3,INFEASIBLE,,INFEASIBLE,,INFEASIBLE,,OPTIMAL,-0.08398495278323331,OPTIMAL,-0.09053500218590524
ARCN1,INFEASIBLE,,INFEASIBLE,,INFEASIBLE,,INFEASIBLE,,INFEASIBLE,
AREL1,INFEASIBLE,,INFEASIBLE,,INFEASIBLE,,OPTIMAL,-0.2464654235135487,INFEASIBLE,
ARF1,INFEASIBLE,,INFEASIBLE,,INFEASIBLE,,INFEASIBLE,,INFEASIBLE,
ARF3,INFEASIBLE,,INFEASIBLE,,INFEASIBLE,,INFEASIBLE,,INFEASIBLE,
ARF4,INFEASIBLE,,INFEASIBLE,,INFEASIBLE,,INFEASIBLE,,INFEASIBLE,
ARF5,INFEASIBLE,,INFEASIBLE,,INFEASIBLE,,INFEASIBLE,,INFEASIBLE,
ARF6,INFEASIBLE,,INFEASIBLE,,INFEASIBLE,,INFEASIBLE,,INFEASIBLE,
ARFGAP1,INFEASIBLE,,INFEASIBLE,,INFEASIBLE,,OPTIMAL,-0.1524815640760606,INFEASIBLE,
ARFGAP2,INFEASIBLE,,INFEASIBLE,,INFEASIBLE,,INFEASIBLE,,INFEASIBLE,
ARFGAP3,INFEASIBLE,,INFEASIBLE,,INFEASIBLE,,INFEASIBLE,,INFEASIBLE,
ARFGEF1,INFEASIBLE,,INFEASIBLE,,INFEASIBLE,,INFEASIBLE,,INFEASIBLE,
ARFGEF2,INFEASIBLE,,INFEASIBLE,,INFEASIBLE,,INFEASIBLE,,INFEASIBLE,
ARFIP1,INFEASIBLE,,INFEASIBLE,,INFEASIBLE,,INFEASIBLE,,INFEASIBLE,
ARFIP2,INFEASIBLE,,INFEASIBLE,,INFEASIBLE,,INFEASIBLE,,INFEASIBLE,
ARFRP1,INFEASIBLE,,INFEASIBLE,,INFEASIBLE,,OPTIMAL,-0.18271391553748725,INFEASIBLE,
ARGLU1,INFEASIBLE,,INFEASIBLE,,INFEASIBLE,,INFEASIBLE,,INFEASIBLE,
ARHGAP1,INFEASIBLE,,INFEASIBLE,,INFEASIBLE,,INFEASIBLE,,INFEASIBLE,
ARHGAP10,INFEASIBLE,,INFEASIBLE,,INFEASIBLE,,INFEASIBLE,,INFEASIBLE,
ARHGAP11A,INFEASIBLE,,INFEASIBLE,,INFEASIBLE,,INFEASIBLE,,INFEASIBLE,
ARHGAP11B,INFEASIBLE,,INFEASIBLE,,INFEASIBLE,,INFEASIBLE,,INFEASIBLE,
ARHGAP12,INFEASIBLE,,INFEASIBLE,,INFEASIBLE,,INFEASIBLE,,INFEASIBLE,
ARHGAP17,INFEASIBLE,,INFEASIBLE,,INFEASIBLE,,INFEASIBLE,,INFEASIBLE,
ARHGAP18,INFEASIBLE,,INFEASIBLE,,INFEASIBLE,,INFEASIBLE,,INFEASIBLE,
ARHGAP19,INFEASIBLE,,INFEASIBLE,,INFEASIBLE,,OPTIMAL,-0.14132980910309453,INFEASIBLE,
ARHGAP21,INFEASIBLE,,INFEASIBLE,,INFEASIBLE,,INFEASIBLE,,INFEASIBLE,
ARHGAP22,INFEASIBLE,,INFEASIBLE,,INFEASIBLE,,INFEASIBLE,,INFEASIBLE,
ARHGAP23,INFEASIBLE,,INFEASIBLE,,INFEASIBLE,,INFEASIBLE,,INFEASIBLE,
ARHGAP24,INFEASIBLE,,INFEASIBLE,,INFEASIBLE,,OPTIMAL,-0.2338551786831975,INFEASIBLE,
ARHGAP29,INFEASIBLE,,INFEASIBLE,,INFEASIBLE,,INFEASIBLE,,INFEASIBLE,
ARHGAP31,INFEASIBLE,,INFEASIBLE,,INFEASIBLE,,OPTIMAL,-0.11949781735729251,INFEASIBLE,
ARHGAP32,INFEASIBLE,,INFEASIBLE,,INFEASIBLE,,OPTIMAL,-0.0805661025636832,INFEASIBLE,
ARHGAP35,INFEASIBLE,,INFEASIBLE,,INFEASIBLE,,INFEASIBLE,,INFEASIBLE,
ARHGAP5,INFEASIBLE,,INFEASIBLE,,INFEASIBLE,,INFEASIBLE,,INFEASIBLE,
ARHGAP6,INFEASIBLE,,INFEASIBLE,,INFEASIBLE,,OPTIMAL,-0.09663295615720151,OPTIMAL,-0.07097220997580951
ARHGDIA,INFEASIBLE,,INFEASIBLE,,INFEASIBLE,,INFEASIBLE,,INFEASIBLE,
ARHGEF1,INFEASIBLE,,INFEASIBLE,,INFEASIBLE,,INFEASIBLE,,INFEASIBLE,
ARHGEF10,INFEASIBLE,,INFEASIBLE,,INFEASIBLE,,OPTIMAL,-0.23200067211930378,INFEASIBLE,
ARHGEF10L,OPTIMAL,-0.0285536526448619,INFEASIBLE,,INFEASIBLE,,OPTIMAL,-0.11010367567181291,INFEASIBLE,
ARHGEF11,INFEASIBLE,,INFEASIBLE,,INFEASIBLE,,OPTIMAL,-0.08456531130490173,INFEASIBLE,
ARHGEF12,INFEASIBLE,,INFEASIBLE,,INFEASIBLE,,INFEASIBLE,,INFEASIBLE,
ARHGEF17,INFEASIBLE,,INFEASIBLE,,INFEASIBLE,,OPTIMAL,-0.1267313890599326,INFEASIBLE,
ARHGEF19,INFEASIBLE,,INFEASIBLE,,INFEASIBLE,,OPTIMAL,-0.06748106271999839,OPTIMAL,-0.07038079671460469
ARHGEF2,INFEASIBLE,,INFEASIBLE,,INFEASIBLE,,INFEASIBLE,,INFEASIBLE,
ARHGEF26,OPTIMAL,-0.1208167533521274,OPTIMAL,-0.3725260923814086,INFEASIBLE,,OPTIMAL,-0.12653075866071734,INFEASIBLE,
ARHGEF28,INFEASIBLE,,INFEASIBLE,,INFEASIBLE,,INFEASIBLE,,INFEASIBLE,
ARHGEF39,INFEASIBLE,,INFEASIBLE,,INFEASIBLE,,OPTIMAL,-0.055496159476180765,OPTIMAL,-0.07223300013129519
ARHGEF40,INFEASIBLE,,INFEASIBLE,,INFEASIBLE,,INFEASIBLE,,INFEASIBLE,
ARHGEF5,INFEASIBLE,,INFEASIBLE,,INFEASIBLE,,OPTIMAL,-0.10076164068402038,INFEASIBLE,
ARHGEF6,INFEASIBLE,,INFEASIBLE,,INFEASIBLE,,OPTIMAL,-0.1631205611909666,INFEASIBLE,
ARHGEF7,INFEASIBLE,,INFEASIBLE,,INFEASIBLE,,INFEASIBLE,,INFEASIBLE,
ARHGEF9,INFEASIBLE,,INFEASIBLE,,INFEASIBLE,,OPTIMAL,-0.09650603084406005,INFEASIBLE,
ARID1A,INFEASIBLE,,INFEASIBLE,,INFEASIBLE,,INFEASIBLE,,INFEASIBLE,
ARID1B,INFEASIBLE,,INFEASIBLE,,INFEASIBLE,,INFEASIBLE,,INFEASIBLE,
ARID2,INFEASIBLE,,INFEASIBLE,,INFEASIBLE,,OPTIMAL,-0.274331473070322,INFEASIBLE,
ARID3A,INFEASIBLE,,INFEASIBLE,,INFEASIBLE,,OPTIMAL,-0.217869699331682,INFEASIBLE,
ARID4A,INFEASIBLE,,INFEASIBLE,,INFEASIBLE,,OPTIMAL,-0.2550628630952865,INFEASIBLE,
ARID4B,INFEASIBLE,,INFEASIBLE,,INFEASIBLE,,INFEASIBLE,,INFEASIBLE,
ARID5B,INFEASIBLE,,INFEASIBLE,,INFEASIBLE,,INFEASIBLE,,INFEASIBLE,
ARIH1,OPTIMAL,7.891260659535438e-09,INFEASIBLE,,INFEASIBLE,,INFEASIBLE,,INFEASIBLE,
ARIH2,INFEASIBLE,,INFEASIBLE,,INFEASIBLE,,INFEASIBLE,,INFEASIBLE,
ARL1,INFEASIBLE,,INFEASIBLE,,INFEASIBLE,,INFEASIBLE,,INFEASIBLE,
ARL10,INFEASIBLE,,INFEASIBLE,,INFEASIBLE,,OPTIMAL,-0.11506111934199396,OPTIMAL,-0.08719014174508966
ARL13B,INFEASIBLE,,INFEASIBLE,,INFEASIBLE,,INFEASIBLE,,INFEASIBLE,
ARL14EP,INFEASIBLE,,INFEASIBLE,,INFEASIBLE,,INFEASIBLE,,INFEASIBLE,
ARL16,INFEASIBLE,,INFEASIBLE,,INFEASIBLE,,INFEASIBLE,,INFEASIBLE,
ARL2,INFEASIBLE,,INFEASIBLE,,INFEASIBLE,,INFEASIBLE,,INFEASIBLE,
ARL3,INFEASIBLE,,INFEASIBLE,,INFEASIBLE,,INFEASIBLE,,INFEASIBLE,
ARL4A,INFEASIBLE,,INFEASIBLE,,INFEASIBLE,,INFEASIBLE,,INFEASIBLE,
ARL4C,INFEASIBLE,,INFEASIBLE,,INFEASIBLE,,OPTIMAL,-0.13641901888144536,INFEASIBLE,
ARL4D,INFEASIBLE,,INFEASIBLE,,INFEASIBLE,,OPTIMAL,-0.16850209297414853,OPTIMAL,-0.16260899027093373
ARL5A,INFEASIBLE,,INFEASIBLE,,INFEASIBLE,,INFEASIBLE,,INFEASIBLE,
ARL5B,OPTIMAL,-0.2406273706858269,OPTIMAL,0.0,INFEASIBLE,,INFEASIBLE,,INFEASIBLE,
ARL6,INFEASIBLE,,INFEASIBLE,,INFEASIBLE,,OPTIMAL,-0.08345903103081061,INFEASIBLE,
ARL6IP1,INFEASIBLE,,INFEASIBLE,,INFEASIBLE,,INFEASIBLE,,INFEASIBLE,
ARL6IP5,INFEASIBLE,,INFEASIBLE,,INFEASIBLE,,INFEASIBLE,,INFEASIBLE,
ARL6IP6,INFEASIBLE,,INFEASIBLE,,INFEASIBLE,,INFEASIBLE,,INFEASIBLE,
ARL8A,INFEASIBLE,,INFEASIBLE,,INFEASIBLE,,OPTIMAL,-0.08890270535782158,OPTIMAL,-0.06652966983260991
ARL8B,INFEASIBLE,,INFEASIBLE,,INFEASIBLE,,INFEASIBLE,,INFEASIBLE,
ARMC1,INFEASIBLE,,INFEASIBLE,,INFEASIBLE,,INFEASIBLE,,INFEASIBLE,
ARMC10,INFEASIBLE,,INFEASIBLE,,INFEASIBLE,,OPTIMAL,-0.20669078520066234,INFEASIBLE,
ARMC5,OPTIMAL,-0.288654417130241,OPTIMAL,-0.2572645853048185,INFEASIBLE,,OPTIMAL,-0.050416589865113576,OPTIMAL,-0.030550678728324288
ARMC6,INFEASIBLE,,INFEASIBLE,,INFEASIBLE,,INFEASIBLE,,INFEASIBLE,
ARMC7,INFEASIBLE,,INFEASIBLE,,INFEASIBLE,,OPTIMAL,-0.08084658072577032,OPTIMAL,-0.06989465956159753
ARMC8,INFEASIBLE,,INFEASIBLE,,INFEASIBLE,,INFEASIBLE,,INFEASIBLE,
ARMC9,INFEASIBLE,,INFEASIBLE,,INFEASIBLE,,OPTIMAL,-0.13084376727448693,INFEASIBLE,
ARMCX1,INFEASIBLE,,INFEASIBLE,,INFEASIBLE,,INFEASIBLE,,INFEASIBLE,
ARMCX2,INFEASIBLE,,INFEASIBLE,,INFEASIBLE,,OPTIMAL,-0.08208591811067435,OPTIMAL,-0.08791830888467433
ARMCX3,INFEASIBLE,,INFEASIBLE,,INFEASIBLE,,INFEASIBLE,,INFEASIBLE,
ARMCX4,INFEASIBLE,,INFEASIBLE,,INFEASIBLE,,OPTIMAL,-0.0764772875746652,OPTIMAL,-0.06273205176863819
ARMCX6,INFEASIBLE,,INFEASIBLE,,INFEASIBLE,,INFEASIBLE,,INFEASIBLE,
ARMT1,INFEASIBLE,,INFEASIBLE,,INFEASIBLE,,INFEASIBLE,,INFEASIBLE,
ARNT,INFEASIBLE,,INFEASIBLE,,INFEASIBLE,,INFEASIBLE,,INFEASIBLE,
ARPC1A,INFEASIBLE,,INFEASIBLE,,INFEASIBLE,,INFEASIBLE,,INFEASIBLE,
ARPC1B,INFEASIBLE,,INFEASIBLE,,INFEASIBLE,,INFEASIBLE,,INFEASIBLE,
ARPC2,INFEASIBLE,,INFEASIBLE,,INFEASIBLE,,INFEASIBLE,,INFEASIBLE,
ARPC3,INFEASIBLE,,INFEASIBLE,,INFEASIBLE,,INFEASIBLE,,INFEASIBLE,
ARPC4,INFEASIBLE,,INFEASIBLE,,INFEASIBLE,,INFEASIBLE,,INFEASIBLE,
ARPC5,INFEASIBLE,,INFEASIBLE,,INFEASIBLE,,INFEASIBLE,,INFEASIBLE,
ARPC5L,INFEASIBLE,,INFEASIBLE,,INFEASIBLE,,INFEASIBLE,,INFEASIBLE,
ARPIN,INFEASIBLE,,INFEASIBLE,,INFEASIBLE,,OPTIMAL,-0.13756262746339282,OPTIMAL,-0.12458017628214953
ARPP19,INFEASIBLE,,INFEASIBLE,,INFEASIBLE,,INFEASIBLE,,INFEASIBLE,
ARRB1,INFEASIBLE,,INFEASIBLE,,INFEASIBLE,,OPTIMAL,-0.08085769778750355,INFEASIBLE,
ARRB2,INFEASIBLE,,INFEASIBLE,,INFEASIBLE,,OPTIMAL,-0.12991625317881098,INFEASIBLE,
ARRDC1,INFEASIBLE,,INFEASIBLE,,INFEASIBLE,,OPTIMAL,-0.07150917358697637,OPTIMAL,-0.08100745678670043
ARRDC2,INFEASIBLE,,INFEASIBLE,,INFEASIBLE,,OPTIMAL,-0.06510789331444335,INFEASIBLE,
ARRDC3,INFEASIBLE,,INFEASIBLE,,INFEASIBLE,,INFEASIBLE,,INFEASIBLE,
ARSA,INFEASIBLE,,INFEASIBLE,,INFEASIBLE,,OPTIMAL,-0.06279130413222232,OPTIMAL,-0.05528825939625957
ARSB,INFEASIBLE,,INFEASIBLE,,INFEASIBLE,,OPTIMAL,-0.14422886164585638,OPTIMAL,-0.15592622700889502
ARSD,OPTIMAL,-6.895767666062144e-11,INFEASIBLE,,INFEASIBLE,,OPTIMAL,-0.07723626665984674,INFEASIBLE,
ARSJ,INFEASIBLE,,INFEASIBLE,,INFEASIBLE,,INFEASIBLE,,INFEASIBLE,
ARSK,INFEASIBLE,,INFEASIBLE,,INFEASIBLE,,OPTIMAL,-0.11271517544983982,OPTIMAL,-0.07917379030620818
ARV1,INFEASIBLE,,INFEASIBLE,,INFEASIBLE,,OPTIMAL,-0.15147305858807128,INFEASIBLE,
ASAH1,INFEASIBLE,,INFEASIBLE,,INFEASIBLE,,INFEASIBLE,,INFEASIBLE,
ASAH2B,OPTIMAL,-0.2554161376517212,OPTIMAL,-0.2897945633917752,INFEASIBLE,,OPTIMAL,-0.07139256490695144,OPTIMAL,-0.0566636410138173
ASAP1,INFEASIBLE,,INFEASIBLE,,INFEASIBLE,,INFEASIBLE,,INFEASIBLE,
ASAP2,INFEASIBLE,,INFEASIBLE,,INFEASIBLE,,INFEASIBLE,,INFEASIBLE,
ASB1,INFEASIBLE,,INFEASIBLE,,INFEASIBLE,,INFEASIBLE,,INFEASIBLE,
ASB13,INFEASIBLE,,INFEASIBLE,,INFEASIBLE,,OPTIMAL,-0.06378757329744174,INFEASIBLE,
ASB6,INFEASIBLE,,INFEASIBLE,,INFEASIBLE,,INFEASIBLE,,INFEASIBLE,
ASB7,INFEASIBLE,,INFEASIBLE,,INFEASIBLE,,OPTIMAL,-0.13807414909196586,INFEASIBLE,
ASB8,INFEASIBLE,,INFEASIBLE,,INFEASIBLE,,INFEASIBLE,,INFEASIBLE,
ASCC1,INFEASIBLE,,INFEASIBLE,,INFEASIBLE,,INFEASIBLE,,INFEASIBLE,
ASCC2,INFEASIBLE,,INFEASIBLE,,INFEASIBLE,,INFEASIBLE,,INFEASIBLE,
ASCC3,INFEASIBLE,,INFEASIBLE,,INFEASIBLE,,INFEASIBLE,,INFEASIBLE,
ASF1A,INFEASIBLE,,INFEASIBLE,,INFEASIBLE,,INFEASIBLE,,INFEASIBLE,
ASF1B,INFEASIBLE,,INFEASIBLE,,INFEASIBLE,,INFEASIBLE,,INFEASIBLE,
ASH1L,INFEASIBLE,,INFEASIBLE,,INFEASIBLE,,INFEASIBLE,,INFEASIBLE,
ASH2L,INFEASIBLE,,INFEASIBLE,,INFEASIBLE,,INFEASIBLE,,INFEASIBLE,
ASL,INFEASIBLE,,INFEASIBLE,,INFEASIBLE,,OPTIMAL,-0.21199601034101867,INFEASIBLE,
ASMTL,INFEASIBLE,,INFEASIBLE,,INFEASIBLE,,OPTIMAL,-0.11875291143423124,INFEASIBLE,
ASNS,INFEASIBLE,,INFEASIBLE,,INFEASIBLE,,INFEASIBLE,,INFEASIBLE,
ASNSD1,INFEASIBLE,,INFEASIBLE,,INFEASIBLE,,INFEASIBLE,,INFEASIBLE,
ASPH,INFEASIBLE,,INFEASIBLE,,INFEASIBLE,,INFEASIBLE,,INFEASIBLE,
ASPM,INFEASIBLE,,INFEASIBLE,,INFEASIBLE,,INFEASIBLE,,INFEASIBLE,
ASPSCR1,INFEASIBLE,,INFEASIBLE,,INFEASIBLE,,OPTIMAL,-0.15490538044815683,OPTIMAL,-0.130056575209045
ASS1,INFEASIBLE,,INFEASIBLE,,INFEASIBLE,,OPTIMAL,-0.1791826829684027,INFEASIBLE,
ASTE1,INFEASIBLE,,INFEASIBLE,,INFEASIBLE,,OPTIMAL,-0.07939918319052976,OPTIMAL,-0.07293235939487847
ASXL1,INFEASIBLE,,INFEASIBLE,,INFEASIBLE,,INFEASIBLE,,INFEASIBLE,
ASXL2,INFEASIBLE,,INFEASIBLE,,INFEASIBLE,,INFEASIBLE,,INFEASIBLE,
ATAD1,INFEASIBLE,,INFEASIBLE,,INFEASIBLE,,INFEASIBLE,,INFEASIBLE,
ATAD2,INFEASIBLE,,INFEASIBLE,,INFEASIBLE,,INFEASIBLE,,INFEASIBLE,
ATAD2B,INFEASIBLE,,INFEASIBLE,,INFEASIBLE,,OPTIMAL,-0.08238416113368352,OPTIMAL,-0.09651082757954384
ATAD3A,INFEASIBLE,,INFEASIBLE,,INFEASIBLE,,INFEASIBLE,,INFEASIBLE,
ATAD3B,INFEASIBLE,,INFEASIBLE,,INFEASIBLE,,INFEASIBLE,,INFEASIBLE,
ATAD5,INFEASIBLE,,INFEASIBLE,,INFEASIBLE,,INFEASIBLE,,INFEASIBLE,
ATAT1,INFEASIBLE,,INFEASIBLE,,INFEASIBLE,,OPTIMAL,-0.07542508614784568,OPTIMAL,-0.07472644217251675
ATE1,INFEASIBLE,,INFEASIBLE,,INFEASIBLE,,INFEASIBLE,,INFEASIBLE,
ATF1,INFEASIBLE,,INFEASIBLE,,INFEASIBLE,,INFEASIBLE,,INFEASIBLE,
ATF2,INFEASIBLE,,INFEASIBLE,,INFEASIBLE,,OPTIMAL,-0.16983551075690162,INFEASIBLE,
ATF4,INFEASIBLE,,INFEASIBLE,,INFEASIBLE,,INFEASIBLE,,INFEASIBLE,
ATF5,INFEASIBLE,,INFEASIBLE,,INFEASIBLE,,INFEASIBLE,,INFEASIBLE,
ATF6,INFEASIBLE,,INFEASIBLE,,INFEASIBLE,,INFEASIBLE,,INFEASIBLE,
ATF6B,INFEASIBLE,,INFEASIBLE,,INFEASIBLE,,OPTIMAL,-0.17416670174466817,INFEASIBLE,
ATF7,INFEASIBLE,,INFEASIBLE,,INFEASIBLE,,OPTIMAL,-0.14717483348512625,INFEASIBLE,
ATF7IP,INFEASIBLE,,INFEASIBLE,,INFEASIBLE,,INFEASIBLE,,INFEASIBLE,
ATG10,INFEASIBLE,,INFEASIBLE,,INFEASIBLE,,OPTIMAL,-0.147651976570853,INFEASIBLE,
ATG12,INFEASIBLE,,INFEASIBLE,,INFEASIBLE,,INFEASIBLE,,INFEASIBLE,
ATG13,INFEASIBLE,,INFEASIBLE,,INFEASIBLE,,OPTIMAL,-0.1639333278384467,INFEASIBLE,
ATG14,INFEASIBLE,,INFEASIBLE,,INFEASIBLE,,INFEASIBLE,,INFEASIBLE,
ATG16L1,INFEASIBLE,,INFEASIBLE,,INFEASIBLE,,OPTIMAL,-0.19559668146039344,INFEASIBLE,
ATG2A,INFEASIBLE,,INFEASIBLE,,INFEASIBLE,,OPTIMAL,-0.13494088774843052,INFEASIBLE,
ATG2B,INFEASIBLE,,INFEASIBLE,,INFEASIBLE,,INFEASIBLE,,INFEASIBLE,
ATG3,INFEASIBLE,,INFEASIBLE,,INFEASIBLE,,INFEASIBLE,,INFEASIBLE,
ATG4A,INFEASIBLE,,INFEASIBLE,,INFEASIBLE,,OPTIMAL,-0.08422519818882827,OPTIMAL,-0.10420980671629161
ATG4B,INFEASIBLE,,INFEASIBLE,,INFEASIBLE,,INFEASIBLE,,INFEASIBLE,
ATG4C,INFEASIBLE,,INFEASIBLE,,INFEASIBLE,,OPTIMAL,-0.16683820742668803,INFEASIBLE,
ATG5,INFEASIBLE,,INFEASIBLE,,INFEASIBLE,,INFEASIBLE,,INFEASIBLE,
ATG7,INFEASIBLE,,INFEASIBLE,,INFEASIBLE,,INFEASIBLE,,INFEASIBLE,
ATG9A,INFEASIBLE,,INFEASIBLE,,INFEASIBLE,,INFEASIBLE,,INFEASIBLE,
ATIC,INFEASIBLE,,INFEASIBLE,,INFEASIBLE,,INFEASIBLE,,INFEASIBLE,
ATL1,INFEASIBLE,,INFEASIBLE,,INFEASIBLE,,OPTIMAL,-0.08354698394879041,INFEASIBLE,
ATL2,OPTIMAL,-0.1169801552635753,INFEASIBLE,,INFEASIBLE,,OPTIMAL,-0.18640608274260442,INFEASIBLE,
ATL3,INFEASIBLE,,INFEASIBLE,,INFEASIBLE,,INFEASIBLE,,INFEASIBLE,
ATM,INFEASIBLE,,INFEASIBLE,,INFEASIBLE,,INFEASIBLE,,INFEASIBLE,
ATMIN,INFEASIBLE,,INFEASIBLE,,INFEASIBLE,,INFEASIBLE,,INFEASIBLE,
ATN1,OPTIMAL,3.005758688986013e-09,INFEASIBLE,,INFEASIBLE,,INFEASIBLE,,INFEASIBLE,
ATOH8,INFEASIBLE,,INFEASIBLE,,INFEASIBLE,,OPTIMAL,-0.07511358809982793,INFEASIBLE,
ATOX1,INFEASIBLE,,INFEASIBLE,,INFEASIBLE,,INFEASIBLE,,INFEASIBLE,
ATP10A,INFEASIBLE,,INFEASIBLE,,INFEASIBLE,,INFEASIBLE,,INFEASIBLE,
ATP10D,INFEASIBLE,,INFEASIBLE,,INFEASIBLE,,OPTIMAL,-0.1312149678309783,OPTIMAL,-0.12848221839828422
ATP11A,INFEASIBLE,,INFEASIBLE,,INFEASIBLE,,INFEASIBLE,,INFEASIBLE,
ATP11B,INFEASIBLE,,INFEASIBLE,,INFEASIBLE,,INFEASIBLE,,INFEASIBLE,
ATP11C,INFEASIBLE,,INFEASIBLE,,INFEASIBLE,,OPTIMAL,-0.19128723417011692,OPTIMAL,-0.1684483985623506
ATP13A1,INFEASIBLE,,INFEASIBLE,,INFEASIBLE,,INFEASIBLE,,INFEASIBLE,
ATP13A2,INFEASIBLE,,INFEASIBLE,,INFEASIBLE,,OPTIMAL,-0.11365634017825546,OPTIMAL,-0.10084173116073666
ATP13A3,INFEASIBLE,,INFEASIBLE,,INFEASIBLE,,INFEASIBLE,,INFEASIBLE,
ATP1A1,INFEASIBLE,,INFEASIBLE,,INFEASIBLE,,INFEASIBLE,,INFEASIBLE,
ATP1B1,INFEASIBLE,,INFEASIBLE,,INFEASIBLE,,INFEASIBLE,,INFEASIBLE,
ATP1B3,INFEASIBLE,,INFEASIBLE,,INFEASIBLE,,INFEASIBLE,,INFEASIBLE,
ATP2A2,INFEASIBLE,,INFEASIBLE,,INFEASIBLE,,INFEASIBLE,,INFEASIBLE,
ATP2B1,INFEASIBLE,,INFEASIBLE,,INFEASIBLE,,INFEASIBLE,,INFEASIBLE,
ATP2B4,INFEASIBLE,,INFEASIBLE,,INFEASIBLE,,INFEASIBLE,,INFEASIBLE,
ATP2C1,INFEASIBLE,,INFEASIBLE,,INFEASIBLE,,INFEASIBLE,,INFEASIBLE,
ATP6AP1,INFEASIBLE,,INFEASIBLE,,INFEASIBLE,,INFEASIBLE,,INFEASIBLE,
ATP6AP2,INFEASIBLE,,INFEASIBLE,,INFEASIBLE,,INFEASIBLE,,INFEASIBLE,
ATP6V0A1,INFEASIBLE,,INFEASIBLE,,INFEASIBLE,,INFEASIBLE,,INFEASIBLE,
ATP6V0A2,INFEASIBLE,,INFEASIBLE,,INFEASIBLE,,OPTIMAL,-0.14897516585023865,OPTIMAL,-0.13686508005157555
ATP6V0B,INFEASIBLE,,INFEASIBLE,,INFEASIBLE,,INFEASIBLE,,INFEASIBLE,
ATP6V0D1,INFEASIBLE,,INFEASIBLE,,INFEASIBLE,,INFEASIBLE,,INFEASIBLE,
ATP6V0E1,INFEASIBLE,,INFEASIBLE,,INFEASIBLE,,INFEASIBLE,,INFEASIBLE,
ATP6V0E2,INFEASIBLE,,INFEASIBLE,,INFEASIBLE,,OPTIMAL,-0.060447156185143784,OPTIMAL,-0.07317390964035721
ATP6V1A,INFEASIBLE,,INFEASIBLE,,INFEASIBLE,,INFEASIBLE,,INFEASIBLE,
ATP6V1B2,INFEASIBLE,,INFEASIBLE,,INFEASIBLE,,INFEASIBLE,,INFEASIBLE,
ATP6V1C1,INFEASIBLE,,INFEASIBLE,,INFEASIBLE,,INFEASIBLE,,INFEASIBLE,
ATP6V1D,INFEASIBLE,,INFEASIBLE,,INFEASIBLE,,INFEASIBLE,,INFEASIBLE,
ATP6V1E1,INFEASIBLE,,INFEASIBLE,,INFEASIBLE,,INFEASIBLE,,INFEASIBLE,
ATP6V1F,INFEASIBLE,,INFEASIBLE,,INFEASIBLE,,INFEASIBLE,,INFEASIBLE,
ATP6V1G1,INFEASIBLE,,INFEASIBLE,,INFEASIBLE,,INFEASIBLE,,INFEASIBLE,
ATP6V1H,INFEASIBLE,,INFEASIBLE,,INFEASIBLE,,INFEASIBLE,,INFEASIBLE,
ATP7A,INFEASIBLE,,INFEASIBLE,,INFEASIBLE,,OPTIMAL,-0.14081981534320187,INFEASIBLE,
ATP8A2,OPTIMAL,-0.2981222191418189,CUT_LIMIT,,OPTIMAL,1.5661299766333947e-09,INFEASIBLE,,INFEASIBLE,
ATP8B1,OPTIMAL,-0.4268252270566266,INFEASIBLE,,INFEASIBLE,,INFEASIBLE,,INFEASIBLE,
ATP8B2,INFEASIBLE,,INFEASIBLE,,INFEASIBLE,,INFEASIBLE,,INFEASIBLE,
ATP9A,INFEASIBLE,,INFEASIBLE,,INFEASIBLE,,OPTIMAL,-0.22262830167972195,INFEASIBLE,
ATP9B,INFEASIBLE,,INFEASIBLE,,INFEASIBLE,,OPTIMAL,-0.11465585374525852,INFEASIBLE,
ATPAF1,INFEASIBLE,,INFEASIBLE,,INFEASIBLE,,INFEASIBLE,,INFEASIBLE,
ATPAF2,INFEASIBLE,,INFEASIBLE,,INFEASIBLE,,OPTIMAL,-0.0772174002725187,INFEASIBLE,
ATR,INFEASIBLE,,INFEASIBLE,,INFEASIBLE,,INFEASIBLE,,INFEASIBLE,
ATRAID,INFEASIBLE,,INFEASIBLE,,INFEASIBLE,,INFEASIBLE,,INFEASIBLE,
ATRIP,INFEASIBLE,,INFEASIBLE,,INFEASIBLE,,OPTIMAL,-0.15156273913928028,INFEASIBLE,
ATRN,INFEASIBLE,,INFEASIBLE,,INFEASIBLE,,OPTIMAL,-0.21253901093443514,INFEASIBLE,
ATRX,INFEASIBLE,,INFEASIBLE,,INFEASIBLE,,INFEASIBLE,,INFEASIBLE,
ATXN10,INFEASIBLE,,INFEASIBLE,,INFEASIBLE,,INFEASIBLE,,INFEASIBLE,
ATXN1L,INFEASIBLE,,INFEASIBLE,,INFEASIBLE,,OPTIMAL,-0.1755207381495829,INFEASIBLE,
ATXN2,INFEASIBLE,,INFEASIBLE,,INFEASIBLE,,INFEASIBLE,,INFEASIBLE,
ATXN2L,INFEASIBLE,,INFEASIBLE,,INFEASIBLE,,OPTIMAL,-0.15226843379191932,INFEASIBLE,
ATXN3,INFEASIBLE,,INFEASIBLE,,INFEASIBLE,,OPTIMAL,-0.16059555339787498,INFEASIBLE,
ATXN7,INFEASIBLE,,INFEASIBLE,,INFEASIBLE,,INFEASIBLE,,INFEASIBLE,
ATXN7L1,INFEASIBLE,,INFEASIBLE,,INFEASIBLE,,OPTIMAL,-0.1569477851990549,INFEASIBLE,
ATXN7L3,INFEASIBLE,,INFEASIBLE,,INFEASIBLE,,OPTIMAL,-0.10531614615172664,OPTIMAL,-0.07249815557794498
ATXN7L3B,INFEASIBLE,,INFEASIBLE,,INFEASIBLE,,INFEASIBLE,,INFEASIBLE,
AUH,INFEASIBLE,,INFEASIBLE,,INFEASIBLE,,OPTIMAL,-0.07874809494553056,OPTIMAL,-0.0935572201635627
AUNIP,INFEASIBLE,,INFEASIBLE,,INFEASIBLE,,OPTIMAL,-0.11530243661951664,INFEASIBLE,
AUP1,INFEASIBLE,,INFEASIBLE,,INFEASIBLE,,INFEASIBLE,,INFEASIBLE,
AURKA,INFEASIBLE,,INFEASIBLE,,INFEASIBLE,,INFEASIBLE,,INFEASIBLE,
AURKAIP1,INFEASIBLE,,INFEASIBLE,,INFEASIBLE,,INFEASIBLE,,INFEASIBLE,
AURKB,INFEASIBLE,,INFEASIBLE,,INFEASIBLE,,INFEASIBLE,,INFEASIBLE,
AUTS2,INFEASIBLE,,INFEASIBLE,,INFEASIBLE,,INFEASIBLE,,INFEASIBLE,
AVEN,INFEASIBLE,,INFEASIBLE,,INFEASIBLE,,INFEASIBLE,,INFEASIBLE,
AVL9,INFEASIBLE,,INFEASIBLE,,INFEASIBLE,,INFEASIBLE,,INFEASIBLE,
AVPI1,INFEASIBLE,,INFEASIBLE,,INFEASIBLE,,OPTIMAL,-0.0895391328819813,INFEASIBLE,
AXIN1,INFEASIBLE,,INFEASIBLE,,INFEASIBLE,,OPTIMAL,-0.144512293057702,INFEASIBLE,
AXIN2,INFEASIBLE,,INFEASIBLE,,INFEASIBLE,,OPTIMAL,-0.08101495448765726,INFEASIBLE,
AXL,INFEASIBLE,,INFEASIBLE,,INFEASIBLE,,INFEASIBLE,,INFEASIBLE,
AZI2,INFEASIBLE,,INFEASIBLE,,INFEASIBLE,,OPTIMAL,-0.1478586640294111,INFEASIBLE,
AZIN1,INFEASIBLE,,INFEASIBLE,,INFEASIBLE,,INFEASIBLE,,INFEASIBLE,
B2M,INFEASIBLE,,INFEASIBLE,,INFEASIBLE,,INFEASIBLE,,INFEASIBLE,
B3GALNT1,INFEASIBLE,,INFEASIBLE,,INFEASIBLE,,INFEASIBLE,,INFEASIBLE,
B3GALNT2,INFEASIBLE,,INFEASIBLE,,INFEASIBLE,,OPTIMAL,-0.10640336320410372,INFEASIBLE,
B3GALT6,INFEASIBLE,,INFEASIBLE,,INFEASIBLE,,OPTIMAL,-0.19205630815833383,INFEASIBLE,
B3GAT3,INFEASIBLE,,INFEASIBLE,,INFEASIBLE,,INFEASIBLE,,INFEASIBLE,
B3GLCT,INFEASIBLE,,INFEASIBLE,,INFEASIBLE,,OPTIMAL,-0.12484275215214684,OPTIMAL,-0.10948141349052229
B3GNT2,INFEASIBLE,,INFEASIBLE,,INFEASIBLE,,INFEASIBLE,,INFEASIBLE,
B3GNT5,INFEASIBLE,,INFEASIBLE,,INFEASIBLE,,INFEASIBLE,,INFEASIBLE,
B3GNT9,INFEASIBLE,,INFEASIBLE,,INFEASIBLE,,OPTIMAL,-0.07904613133594622,INFEASIBLE,
B3GNTL1,OPTIMAL,-0.1647766440348266,INFEASIBLE,,INFEASIBLE,,OPTIMAL,-0.09903765538520147,INFEASIBLE,
B4GALT1,INFEASIBLE,,INFEASIBLE,,INFEASIBLE,,INFEASIBLE,,INFEASIBLE,
B4GALT2,INFEASIBLE,,INFEASIBLE,,INFEASIBLE,,INFEASIBLE,,INFEASIBLE,
B4GALT3,INFEASIBLE,,INFEASIBLE,,INFEASIBLE,,INFEASIBLE,,INFEASIBLE,
B4GALT4,INFEASIBLE,,INFEASIBLE,,INFEASIBLE,,INFEASIBLE,,INFEASIBLE,
B4GALT5,INFEASIBLE,,INFEASIBLE,,INFEASIBLE,,INFEASIBLE,,INFEASIBLE,
B4GALT7,INFEASIBLE,,INFEASIBLE,,INFEASIBLE,,INFEASIBLE,,INFEASIBLE,
B4GAT1,INFEASIBLE,,INFEASIBLE,,INFEASIBLE,,OPTIMAL,-0.2769400424128589,INFEASIBLE,
B9D1,INFEASIBLE,,INFEASIBLE,,INFEASIBLE,,INFEASIBLE,,INFEASIBLE,
B9D2,INFEASIBLE,,INFEASIBLE,,INFEASIBLE,,OPTIMAL,-0.0861173130072964,OPTIMAL,-0.07684238288858662
BABAM1,INFEASIBLE,,INFEASIBLE,,INFEASIBLE,,INFEASIBLE,,INFEASIBLE,
BACE1,INFEASIBLE,,INFEASIBLE,,INFEASIBLE,,OPTIMAL,-0.28687513012101234,INFEASIBLE,
BACE2,INFEASIBLE,,INFEASIBLE,,INFEASIBLE,,INFEASIBLE,,INFEASIBLE,
BACH1,INFEASIBLE,,INFEASIBLE,,INFEASIBLE,,INFEASIBLE,,INFEASIBLE,
BAD,INFEASIBLE,,INFEASIBLE,,INFEASIBLE,,INFEASIBLE,,INFEASIBLE,
BAG1,INFEASIBLE,,INFEASIBLE,,INFEASIBLE,,INFEASIBLE,,INFEASIBLE,
BAG2,INFEASIBLE,,INFEASIBLE,,INFEASIBLE,,INFEASIBLE,,INFEASIBLE,
BAG3,INFEASIBLE,,INFEASIBLE,,INFEASIBLE,,INFEASIBLE,,INFEASIBLE,
BAG4,INFEASIBLE,,INFEASIBLE,,INFEASIBLE,,INFEASIBLE,,INFEASIBLE,
BAG5,INFEASIBLE,,INFEASIBLE,,INFEASIBLE,,INFEASIBLE,,INFEASIBLE,
BAG6,INFEASIBLE,,INFEASIBLE,,INFEASIBLE,,INFEASIBLE,,INFEASIBLE,
BAHCC1,INFEASIBLE,,INFEASIBLE,,INFEASIBLE,,OPTIMAL,-0.10464794660915205,INFEASIBLE,
BAHD1,OPTIMAL,-0.1519720796950325,INFEASIBLE,,INFEASIBLE,,OPTIMAL,-0.12763721948858245,INFEASIBLE,
BAIAP2,INFEASIBLE,,INFEASIBLE,,INFEASIBLE,,INFEASIBLE,,INFEASIBLE,
BAIAP2L2,INFEASIBLE,,INFEASIBLE,,INFEASIBLE,,OPTIMAL,-0.058175148408411835,OPTIMAL,-0.05669110741972691
BAK1,INFEASIBLE,,INFEASIBLE,,INFEASIBLE,,OPTIMAL,-0.09474502700651548,OPTIMAL,-0.06605909258136403
BANF1,INFEASIBLE,,INFEASIBLE,,INFEASIBLE,,INFEASIBLE,,INFEASIBLE,
BANP,INFEASIBLE,,INFEASIBLE,,INFEASIBLE,,OPTIMAL,-0.13436772025535781,INFEASIBLE,
BAP1,INFEASIBLE,,INFEASIBLE,,INFEASIBLE,,INFEASIBLE,,INFEASIBLE,
BARD1,INFEASIBLE,,INFEASIBLE,,INFEASIBLE,,INFEASIBLE,,INFEASIBLE,
BASP1,INFEASIBLE,,INFEASIBLE,,INFEASIBLE,,INFEASIBLE,,INFEASIBLE,
BATF3,INFEASIBLE,,INFEASIBLE,,INFEASIBLE,,OPTIMAL,-0.12756469732122852,INFEASIBLE,
BAX,INFEASIBLE,,INFEASIBLE,,INFEASIBLE,,OPTIMAL,-0.2718397379158609,INFEASIBLE,
BAZ1A,INFEASIBLE,,INFEASIBLE,,INFEASIBLE,,INFEASIBLE,,INFEASIBLE,
BAZ1B,INFEASIBLE,,INFEASIBLE,,INFEASIBLE,,INFEASIBLE,,INFEASIBLE,
BAZ2A,INFEASIBLE,,INFEASIBLE,,INFEASIBLE,,INFEASIBLE,,INFEASIBLE,
BAZ2B,INFEASIBLE,,INFEASIBLE,,INFEASIBLE,,INFEASIBLE,,INFEASIBLE,
BBIP1,INFEASIBLE,,INFEASIBLE,,INFEASIBLE,,INFEASIBLE,,INFEASIBLE,
BBS2,INFEASIBLE,,INFEASIBLE,,INFEASIBLE,,OPTIMAL,-0.1675836606305344,INFEASIBLE,
BBS4,INFEASIBLE,,INFEASIBLE,,INFEASIBLE,,INFEASIBLE,,INFEASIBLE,
BBS7,INFEASIBLE,,INFEASIBLE,,INFEASIBLE,,INFEASIBLE,,INFEASIBLE,
BBS9,OPTIMAL,-1.2075280796088406e-07,OPTIMAL,-0.3218441343410211,INFEASIBLE,,OPTIMAL,-0.11202973561696036,INFEASIBLE,
BBX,INFEASIBLE,,INFEASIBLE,,INFEASIBLE,,INFEASIBLE,,INFEASIBLE,
BCAP29,INFEASIBLE,,INFEASIBLE,,INFEASIBLE,,INFEASIBLE,,INFEASIBLE,
BCAP31,INFEASIBLE,,INFEASIBLE,,INFEASIBLE,,INFEASIBLE,,INFEASIBLE,
BCAR1,INFEASIBLE,,INFEASIBLE,,INFEASIBLE,,INFEASIBLE,,INFEASIBLE,
BCAR3,INFEASIBLE,,INFEASIBLE,,INFEASIBLE,,OPTIMAL,-0.24375590039720602,INFEASIBLE,
BCAS2,INFEASIBLE,,INFEASIBLE,,INFEASIBLE,,INFEASIBLE,,INFEASIBLE,
BCAS3,INFEASIBLE,,INFEASIBLE,,INFEASIBLE,,OPTIMAL,-0.063461355315195,OPTIMAL,-0.06810228435128983
BCAS4,INFEASIBLE,,INFEASIBLE,,INFEASIBLE,,OPTIMAL,-0.08811388669604876,OPTIMAL,-0.08113249945994501
BCAT1,INFEASIBLE,,INFEASIBLE,,INFEASIBLE,,INFEASIBLE,,INFEASIBLE,
BCAT2,INFEASIBLE,,INFEASIBLE,,INFEASIBLE,,OPTIMAL,-0.17749516295395068,INFEASIBLE,
BCCIP,INFEASIBLE,,INFEASIBLE,,INFEASIBLE,,INFEASIBLE,,INFEASIBLE,
BCDIN3D,INFEASIBLE,,INFEASIBLE,,INFEASIBLE,,OPTIMAL,-0.11127641300087514,INFEASIBLE,
BCKDHB,INFEASIBLE,,INFEASIBLE,,INFEASIBLE,,OPTIMAL,-0.181946663757769,INFEASIBLE,
BCKDK,INFEASIBLE,,INFEASIBLE,,INFEASIBLE,,INFEASIBLE,,INFEASIBLE,
BCL10,INFEASIBLE,,INFEASIBLE,,INFEASIBLE,,INFEASIBLE,,INFEASIBLE,
BCL2L1,INFEASIBLE,,INFEASIBLE,,INFEASIBLE,,INFEASIBLE,,INFEASIBLE,
BCL2L12,INFEASIBLE,,INFEASIBLE,,INFEASIBLE,,INFEASIBLE,,INFEASIBLE,
BCL2L13,INFEASIBLE,,INFEASIBLE,,INFEASIBLE,,INFEASIBLE,,INFEASIBLE,
BCL2L2,INFEASIBLE,,INFEASIBLE,,INFEASIBLE,,INFEASIBLE,,INFEASIBLE,
BCL3,OPTIMAL,-2.429632267461205e-09,INFEASIBLE,,INFEASIBLE,,OPTIMAL,-0.08562668673560049,INFEASIBLE,
BCL6,INFEASIBLE,,INFEASIBLE,,INFEASIBLE,,OPTIMAL,-0.15994291906407468,INFEASIBLE,
BCL7A,INFEASIBLE,,INFEASIBLE,,INFEASIBLE,,INFEASIBLE,,INFEASIBLE,
BCL7B,INFEASIBLE,,INFEASIBLE,,INFEASIBLE,,INFEASIBLE,,INFEASIBLE,
BCL7C,INFEASIBLE,,INFEASIBLE,,INFEASIBLE,,OPTIMAL,-0.21722201382302936,INFEASIBLE,
BCL9,OPTIMAL,-0.2360200325547168,OPTIMAL,-0.1863199545573191,INFEASIBLE,,OPTIMAL,-0.058003317006830084,INFEASIBLE,
BCL9L,INFEASIBLE,,INFEASIBLE,,INFEASIBLE,,OPTIMAL,-0.10935151453509928,INFEASIBLE,
BCLAF1,INFEASIBLE,,INFEASIBLE,,INFEASIBLE,,INFEASIBLE,,INFEASIBLE,
BCOR,INFEASIBLE,,INFEASIBLE,,INFEASIBLE,,OPTIMAL,-0.1356304193060666,INFEASIBLE,
BCR,INFEASIBLE,,INFEASIBLE,,INFEASIBLE,,OPTIMAL,-0.12604793071772064,INFEASIBLE,
BCS1L,INFEASIBLE,,INFEASIBLE,,INFEASIBLE,,INFEASIBLE,,INFEASIBLE,
BDH1,INFEASIBLE,,INFEASIBLE,,INFEASIBLE,,OPTIMAL,-0.19421894489068972,INFEASIBLE,
BDH2,INFEASIBLE,,INFEASIBLE,,INFEASIBLE,,OPTIMAL,-0.09593088459429763,INFEASIBLE,
BDP1,INFEASIBLE,,INFEASIBLE,,INFEASIBLE,,INFEASIBLE,,INFEASIBLE,
BECN1,INFEASIBLE,,INFEASIBLE,,INFEASIBLE,,OPTIMAL,-0.15516720293059683,INFEASIBLE,
BEND6,INFEASIBLE,,INFEASIBLE,,INFEASIBLE,,INFEASIBLE,,INFEASIBLE,
BET1,INFEASIBLE,,INFEASIBLE,,INFEASIBLE,,INFEASIBLE,,INFEASIBLE,
BET1L,INFEASIBLE,,INFEASIBLE,,INFEASIBLE,,INFEASIBLE,,INFEASIBLE,
BEX1,INFEASIBLE,,INFEASIBLE,,INFEASIBLE,,OPTIMAL,-0.1107460515939175,INFEASIBLE,
BEX4,INFEASIBLE,,INFEASIBLE,,INFEASIBLE,,OPTIMAL,-0.09580018333719943,OPTIMAL,-0.0750809467167628
BFAR,INFEASIBLE,,INFEASIBLE,,INFEASIBLE,,INFEASIBLE,,INFEASIBLE,
BGN,INFEASIBLE,,INFEASIBLE,,INFEASIBLE,,OPTIMAL,-0.05270123621810712,INFEASIBLE,
BHMT2,INFEASIBLE,,INFEASIBLE,,INFEASIBLE,,OPTIMAL,-0.09612920397651313,INFEASIBLE,
BICC1,INFEASIBLE,,INFEASIBLE,,INFEASIBLE,,INFEASIBLE,,INFEASIBLE,
BICD1,INFEASIBLE,,INFEASIBLE,,INFEASIBLE,,OPTIMAL,-0.2232023750709985,INFEASIBLE,
BICD2,INFEASIBLE,,INFEASIBLE,,INFEASIBLE,,INFEASIBLE,,INFEASIBLE,
BID,INFEASIBLE,,INFEASIBLE,,INFEASIBLE,,INFEASIBLE,,INFEASIBLE,
BIN1,INFEASIBLE,,INFEASIBLE,,INFEASIBLE,,OPTIMAL,-0.14194426515404868,INFEASIBLE,
BIN3,INFEASIBLE,,INFEASIBLE,,INFEASIBLE,,OPTIMAL,-0.08996065986296164,INFEASIBLE,
BIRC2,INFEASIBLE,,INFEASIBLE,,INFEASIBLE,,INFEASIBLE,,INFEASIBLE,
BIRC5,INFEASIBLE,,INFEASIBLE,,INFEASIBLE,,INFEASIBLE,,INFEASIBLE,
BIRC6,INFEASIBLE,,INFEASIBLE,,INFEASIBLE,,INFEASIBLE,,INFEASIBLE,
BIVM,OPTIMAL,2.309044062243561e-08,INFEASIBLE,,INFEASIBLE,,INFEASIBLE,,INFEASIBLE,
BLCAP,INFEASIBLE,,INFEASIBLE,,INFEASIBLE,,INFEASIBLE,,INFEASIBLE,
BLM,INFEASIBLE,,INFEASIBLE,,INFEASIBLE,,INFEASIBLE,,INFEASIBLE,
BLMH,INFEASIBLE,,INFEASIBLE,,INFEASIBLE,,INFEASIBLE,,INFEASIBLE,
BLOC1S1,INFEASIBLE,,INFEASIBLE,,INFEASIBLE,,OPTIMAL,-0.3154846671535366,INFEASIBLE,
BLOC1S2,INFEASIBLE,,INFEASIBLE,,INFEASIBLE,,OPTIMAL,-0.3368365640171281,INFEASIBLE,
BLOC1S3,INFEASIBLE,,INFEASIBLE,,INFEASIBLE,,OPTIMAL,-0.09390895343233552,INFEASIBLE,
BLOC1S4,INFEASIBLE,,INFEASIBLE,,INFEASIBLE,,OPTIMAL,-0.13229594737169756,OPTIMAL,-0.13486878056307935
BLOC1S5,INFEASIBLE,,INFEASIBLE,,INFEASIBLE,,OPTIMAL,-0.11155642525087177,OPTIMAL,-0.10243692125832898
BLOC1S6,INFEASIBLE,,INFEASIBLE,,INFEASIBLE,,INFEASIBLE,,INFEASIBLE,
BLVRA,INFEASIBLE,,INFEASIBLE,,INFEASIBLE,,INFEASIBLE,,INFEASIBLE,
BLVRB,INFEASIBLE,,INFEASIBLE,,INFEASIBLE,,INFEASIBLE,,INFEASIBLE,
BLZF1,INFEASIBLE,,INFEASIBLE,,INFEASIBLE,,INFEASIBLE,,INFEASIBLE,
BMI1,INFEASIBLE,,INFEASIBLE,,INFEASIBLE,,OPTIMAL,-0.3146784607672745,INFEASIBLE,
BMP1,OPTIMAL,-0.5841634177890803,INFEASIBLE,,INFEASIBLE,,OPTIMAL,-0.08928351444394998,INFEASIBLE,
BMP2K,INFEASIBLE,,INFEASIBLE,,INFEASIBLE,,OPTIMAL,-0.15862154330568606,INFEASIBLE,
BMPER,INFEASIBLE,,INFEASIBLE,,INFEASIBLE,,OPTIMAL,-0.14935242284115605,INFEASIBLE,
BMPR1A,OPTIMAL,-0.7263148907959324,INFEASIBLE,,INFEASIBLE,,OPTIMAL,-0.12275559761309222,INFEASIBLE,
BMPR2,INFEASIBLE,,INFEASIBLE,,INFEASIBLE,,INFEASIBLE,,INFEASIBLE,
BMS1,INFEASIBLE,,INFEASIBLE,,INFEASIBLE,,INFEASIBLE,,INFEASIBLE,
BNC1,INFEASIBLE,,INFEASIBLE,,INFEASIBLE,,INFEASIBLE,,INFEASIBLE,
BNC2,INFEASIBLE,,INFEASIBLE,,INFEASIBLE,,OPTIMAL,-0.08583321931792802,INFEASIBLE,
BNIP1,INFEASIBLE,,INFEASIBLE,,INFEASIBLE,,INFEASIBLE,,INFEASIBLE,
BNIP2,INFEASIBLE,,INFEASIBLE,,INFEASIBLE,,INFEASIBLE,,INFEASIBLE,
BNIP3,INFEASIBLE,,INFEASIBLE,,INFEASIBLE,,INFEASIBLE,,INFEASIBLE,
BNIP3L,INFEASIBLE,,INFEASIBLE,,INFEASIBLE,,INFEASIBLE,,INFEASIBLE,
BOC,INFEASIBLE,,INFEASIBLE,,INFEASIBLE,,OPTIMAL,-0.08276722902130278,INFEASIBLE,
BOD1,INFEASIBLE,,INFEASIBLE,,INFEASIBLE,,INFEASIBLE,,INFEASIBLE,
BOD1L1,INFEASIBLE,,INFEASIBLE,,INFEASIBLE,,INFEASIBLE,,INFEASIBLE,
BOK,INFEASIBLE,,INFEASIBLE,,INFEASIBLE,,OPTIMAL,-0.1351612600930772,INFEASIBLE,
BOLA1,INFEASIBLE,,INFEASIBLE,,INFEASIBLE,,INFEASIBLE,,INFEASIBLE,
BOLA2B,INFEASIBLE,,INFEASIBLE,,INFEASIBLE,,INFEASIBLE,,INFEASIBLE,
BOLA3,INFEASIBLE,,INFEASIBLE,,INFEASIBLE,,INFEASIBLE,,INFEASIBLE,
BOP1,INFEASIBLE,,INFEASIBLE,,INFEASIBLE,,INFEASIBLE,,INFEASIBLE,
BORA,INFEASIBLE,,INFEASIBLE,,INFEASIBLE,,OPTIMAL,-0.07916504608509545,OPTIMAL,-0.05677771850227247
BPGM,INFEASIBLE,,INFEASIBLE,,INFEASIBLE,,INFEASIBLE,,INFEASIBLE,
BPNT1,INFEASIBLE,,INFEASIBLE,,INFEASIBLE,,OPTIMAL,-0.07762643863266872,INFEASIBLE,
BPTF,INFEASIBLE,,INFEASIBLE,,INFEASIBLE,,INFEASIBLE,,INFEASIBLE,
BRAF,INFEASIBLE,,INFEASIBLE,,INFEASIBLE,,OPTIMAL,-0.11602491806301232,OPTIMAL,-0.11987914320070227
BRAP,INFEASIBLE,,INFEASIBLE,,INFEASIBLE,,INFEASIBLE,,INFEASIBLE,
BRAT1,INFEASIBLE,,INFEASIBLE,,INFEASIBLE,,OPTIMAL,-0.14055694988703932,INFEASIBLE,
BRCA1,INFEASIBLE,,INFEASIBLE,,INFEASIBLE,,INFEASIBLE,,INFEASIBLE,
BRCA2,INFEASIBLE,,INFEASIBLE,,INFEASIBLE,,INFEASIBLE,,INFEASIBLE,
BRCC3,INFEASIBLE,,INFEASIBLE,,INFEASIBLE,,INFEASIBLE,,INFEASIBLE,
BRD1,INFEASIBLE,,INFEASIBLE,,INFEASIBLE,,OPTIMAL,-0.2111913881405256,INFEASIBLE,
BRD2,INFEASIBLE,,INFEASIBLE,,INFEASIBLE,,INFEASIBLE,,INFEASIBLE,
BRD3,INFEASIBLE,,INFEASIBLE,,INFEASIBLE,,OPTIMAL,-0.13310778278348231,INFEASIBLE,
BRD4,INFEASIBLE,,INFEASIBLE,,INFEASIBLE,,INFEASIBLE,,INFEASIBLE,
BRD7,INFEASIBLE,,INFEASIBLE,,INFEASIBLE,,INFEASIBLE,,INFEASIBLE,
BRD8,INFEASIBLE,,INFEASIBLE,,INFEASIBLE,,INFEASIBLE,,INFEASIBLE,
BRD9,INFEASIBLE,,INFEASIBLE,,INFEASIBLE,,INFEASIBLE,,INFEASIBLE,
BRF1,OPTIMAL,-0.5291619161633184,OPTIMAL,-0.2975170193088876,INFEASIBLE,,OPTIMAL,-0.09643872114291772,INFEASIBLE,
BRI3,INFEASIBLE,,INFEASIBLE,,INFEASIBLE,,INFEASIBLE,,INFEASIBLE,
BRI3BP,INFEASIBLE,,INFEASIBLE,,INFEASIBLE,,INFEASIBLE,,INFEASIBLE,
BRIP1,INFEASIBLE,,INFEASIBLE,,INFEASIBLE,,OPTIMAL,-0.1796800273935226,OPTIMAL,-0.16128268164716453
BRIX1,INFEASIBLE,,INFEASIBLE,,INFEASIBLE,,INFEASIBLE,,INFEASIBLE,
BRK1,INFEASIBLE,,INFEASIBLE,,INFEASIBLE,,INFEASIBLE,,INFEASIBLE,
BRMS1,INFEASIBLE,,INFEASIBLE,,INFEASIBLE,,INFEASIBLE,,INFEASIBLE,
BRMS1L,INFEASIBLE,,INFEASIBLE,,INFEASIBLE,,INFEASIBLE,,INFEASIBLE,
BROX,INFEASIBLE,,INFEASIBLE,,INFEASIBLE,,INFEASIBLE,,INFEASIBLE,
BRPF1,INFEASIBLE,,INFEASIBLE,,INFEASIBLE,,OPTIMAL,-0.12036837750810994,OPTIMAL,-0.09822923500526128
BRPF3,INFEASIBLE,,INFEASIBLE,,INFEASIBLE,,OPTIMAL,-0.13998527161518112,INFEASIBLE,
BRWD1,INFEASIBLE,,INFEASIBLE,,INFEASIBLE,,INFEASIBLE,,INFEASIBLE,
BSDC1,INFEASIBLE,,INFEASIBLE,,INFEASIBLE,,OPTIMAL,-0.14595480463644464,OPTIMAL,-0.11786445700733081
BSG,INFEASIBLE,,INFEASIBLE,,INFEASIBLE,,INFEASIBLE,,INFEASIBLE,
BST1,INFEASIBLE,,INFEASIBLE,,INFEASIBLE,,OPTIMAL,-0.07886657862511853,INFEASIBLE,
BTAF1,INFEASIBLE,,INFEASIBLE,,INFEASIBLE,,OPTIMAL,-0.20878386440426255,INFEASIBLE,
BTBD1,INFEASIBLE,,INFEASIBLE,,INFEASIBLE,,INFEASIBLE,,INFEASIBLE,
BTBD10,INFEASIBLE,,INFEASIBLE,,INFEASIBLE,,INFEASIBLE,,INFEASIBLE,
BTBD2,INFEASIBLE,,INFEASIBLE,,INFEASIBLE,,OPTIMAL,-0.16382717354838505,INFEASIBLE,
BTBD3,INFEASIBLE,,INFEASIBLE,,INFEASIBLE,,INFEASIBLE,,INFEASIBLE,
BTBD6,INFEASIBLE,,INFEASIBLE,,INFEASIBLE,,INFEASIBLE,,INFEASIBLE,
BTBD7,INFEASIBLE,,INFEASIBLE,,INFEASIBLE,,INFEASIBLE,,INFEASIBLE,
BTD,INFEASIBLE,,INFEASIBLE,,INFEASIBLE,,OPTIMAL,-0.11531295540143101,INFEASIBLE,
BTF3,INFEASIBLE,,INFEASIBLE,,INFEASIBLE,,INFEASIBLE,,INFEASIBLE,
BTF3L4,OPTIMAL,-0.0437954536037449,INFEASIBLE,,INFEASIBLE,,INFEASIBLE,,INFEASIBLE,
BTG1,INFEASIBLE,,INFEASIBLE,,INFEASIBLE,,INFEASIBLE,,INFEASIBLE,
BTG2,OPTIMAL,-0.1856529421421178,OPTIMAL,0.0218081306499469,INFEASIBLE,,OPTIMAL,-0.06824504550525834,INFEASIBLE,
BTG3,INFEASIBLE,,INFEASIBLE,,INFEASIBLE,,INFEASIBLE,,INFEASIBLE,
BTN2A1,INFEASIBLE,,INFEASIBLE,,INFEASIBLE,,OPTIMAL,-0.1822000579774281,INFEASIBLE,
BTN3A2,INFEASIBLE,,INFEASIBLE,,INFEASIBLE,,OPTIMAL,-0.1899339653345362,INFEASIBLE,
BTRC,INFEASIBLE,,INFEASIBLE,,INFEASIBLE,,OPTIMAL,-0.13018172774585737,INFEASIBLE,
BUB1,INFEASIBLE,,INFEASIBLE,,INFEASIBLE,,INFEASIBLE,,INFEASIBLE,
BUB1B,INFEASIBLE,,INFEASIBLE,,INFEASIBLE,,INFEASIBLE,,INFEASIBLE,
BUB3,INFEASIBLE,,INFEASIBLE,,INFEASIBLE,,INFEASIBLE,,INFEASIBLE,
BUD13,INFEASIBLE,,INFEASIBLE,,INFEASIBLE,,OPTIMAL,-0.17749123270767522,OPTIMAL,-0.16228990642564864
BUD31,INFEASIBLE,,INFEASIBLE,,INFEASIBLE,,INFEASIBLE,,INFEASIBLE,
BVES,INFEASIBLE,,INFEASIBLE,,INFEASIBLE,,OPTIMAL,-0.10897566209555352,INFEASIBLE,
BYSL,INFEASIBLE,,INFEASIBLE,,INFEASIBLE,,INFEASIBLE,,INFEASIBLE,
BZW1,INFEASIBLE,,INFEASIBLE,,INFEASIBLE,,INFEASIBLE,,INFEASIBLE,
BZW2,INFEASIBLE,,INFEASIBLE,,INFEASIBLE,,INFEASIBLE,,INFEASIBLE,
C10orf88,INFEASIBLE,,INFEASIBLE,,INFEASIBLE,,INFEASIBLE,,INFEASIBLE,
C11orf24,INFEASIBLE,,INFEASIBLE,,INFEASIBLE,,INFEASIBLE,,INFEASIBLE,
C11orf54,INFEASIBLE,,INFEASIBLE,,INFEASIBLE,,OPTIMAL,-0.12874645498610188,INFEASIBLE,
C11orf58,INFEASIBLE,,INFEASIBLE,,INFEASIBLE,,INFEASIBLE,,INFEASIBLE,
C11orf68,INFEASIBLE,,INFEASIBLE,,INFEASIBLE,,INFEASIBLE,,INFEASIBLE,
C12orf43,INFEASIBLE,,INFEASIBLE,,INFEASIBLE,,INFEASIBLE,,INFEASIBLE,
C12orf57,INFEASIBLE,,INFEASIBLE,,INFEASIBLE,,OPTIMAL,-0.25108530987139044,INFEASIBLE,
C12orf75,INFEASIBLE,,INFEASIBLE,,INFEASIBLE,,INFEASIBLE,,INFEASIBLE,
C12orf76,INFEASIBLE,,INFEASIBLE,,INFEASIBLE,,OPTIMAL,-0.08127382539353313,OPTIMAL,-0.07312922178010342
C14orf119,INFEASIBLE,,INFEASIBLE,,INFEASIBLE,,INFEASIBLE,,INFEASIBLE,
C14orf132,OPTIMAL,-0.8999686109081854,INFEASIBLE,,INFEASIBLE,,OPTIMAL,-0.09956614426491002,INFEASIBLE,
C15orf39,INFEASIBLE,,INFEASIBLE,,INFEASIBLE,,OPTIMAL,-0.13516203351206066,OPTIMAL,-0.11285271530266028
C15orf40,INFEASIBLE,,INFEASIBLE,,INFEASIBLE,,INFEASIBLE,,INFEASIBLE,
C15orf61,INFEASIBLE,,INFEASIBLE,,INFEASIBLE,,INFEASIBLE,,INFEASIBLE,
C16orf74,INFEASIBLE,,INFEASIBLE,,INFEASIBLE,,OPTIMAL,-0.13329787378298036,INFEASIBLE,
C16orf87,INFEASIBLE,,INFEASIBLE,,INFEASIBLE,,OPTIMAL,-0.11783014070244292,INFEASIBLE,
C17orf58,INFEASIBLE,,INFEASIBLE,,INFEASIBLE,,OPTIMAL,-0.1440190248825041,INFEASIBLE,
C17orf67,INFEASIBLE,,INFEASIBLE,,INFEASIBLE,,OPTIMAL,-0.05545343052290768,OPTIMAL,-0.05306825836195689
C17orf75,INFEASIBLE,,INFEASIBLE,,INFEASIBLE,,OPTIMAL,-0.13308992105544312,OPTIMAL,-0.12990187068941836
C18orf21,INFEASIBLE,,INFEASIBLE,,INFEASIBLE,,OPTIMAL,-0.14037976646525616,INFEASIBLE,
C18orf54,INFEASIBLE,,INFEASIBLE,,INFEASIBLE,,OPTIMAL,-0.23100330175963316,INFEASIBLE,
C19orf12,INFEASIBLE,,INFEASIBLE,,INFEASIBLE,,OPTIMAL,-0.27375895383048127,INFEASIBLE,
C19orf25,INFEASIBLE,,INFEASIBLE,,INFEASIBLE,,OPTIMAL,-0.10699485530142212,INFEASIBLE,
C19orf53,INFEASIBLE,,INFEASIBLE,,INFEASIBLE,,INFEASIBLE,,INFEASIBLE,
C1D,INFEASIBLE,,INFEASIBLE,,INFEASIBLE,,INFEASIBLE,,INFEASIBLE,
C1GALT1,INFEASIBLE,,INFEASIBLE,,INFEASIBLE,,INFEASIBLE,,INFEASIBLE,
C1GALT1C1,INFEASIBLE,,INFEASIBLE,,INFEASIBLE,,OPTIMAL,-0.3264476661587713,INFEASIBLE,
C1orf122,INFEASIBLE,,INFEASIBLE,,INFEASIBLE,,INFEASIBLE,,INFEASIBLE,
C1orf131,INFEASIBLE,,INFEASIBLE,,INFEASIBLE,,INFEASIBLE,,INFEASIBLE,
C1orf159,INFEASIBLE,,INFEASIBLE,,INFEASIBLE,,OPTIMAL,-0.10074116580485995,INFEASIBLE,
C1orf174,INFEASIBLE,,INFEASIBLE,,INFEASIBLE,,OPTIMAL,-0.24087693527456946,INFEASIBLE,
C1orf198,INFEASIBLE,,INFEASIBLE,,INFEASIBLE,,OPTIMAL,-0.2702652365405805,INFEASIBLE,
C1orf21,INFEASIBLE,,INFEASIBLE,,INFEASIBLE,,INFEASIBLE,,INFEASIBLE,
C1orf216,INFEASIBLE,,INFEASIBLE,,INFEASIBLE,,OPTIMAL,-0.13210709440208565,INFEASIBLE,
C1orf35,INFEASIBLE,,INFEASIBLE,,INFEASIBLE,,INFEASIBLE,,INFEASIBLE,
C1orf43,INFEASIBLE,,INFEASIBLE,,INFEASIBLE,,INFEASIBLE,,INFEASIBLE,
C1orf50,INFEASIBLE,,INFEASIBLE,,INFEASIBLE,,INFEASIBLE,,INFEASIBLE,
C1orf52,INFEASIBLE,,INFEASIBLE,,INFEASIBLE,,OPTIMAL,-0.15316488464930533,OPTIMAL,-0.14017393155381752
C1orf53,INFEASIBLE,,INFEASIBLE,,INFEASIBLE,,OPTIMAL,-0.11263108298704352,INFEASIBLE,
C1orf56,OPTIMAL,-2.249708513210287e-08,OPTIMAL,-0.1991842936505436,INFEASIBLE,,OPTIMAL,-0.06966584338270032,INFEASIBLE,
C1orf74,OPTIMAL,-0.11410689324399,OPTIMAL,-0.1297320747069643,INFEASIBLE,,OPTIMAL,-0.0635407923001879,OPTIMAL,-0.06832077630048657
C1QBP,INFEASIBLE,,INFEASIBLE,,INFEASIBLE,,INFEASIBLE,,INFEASIBLE,
C1QTNF2,OPTIMAL,-0.7497736750880808,INFEASIBLE,,INFEASIBLE,,INFEASIBLE,,INFEASIBLE,
C1R,INFEASIBLE,,INFEASIBLE,,INFEASIBLE,,OPTIMAL,-0.09762490520787326,INFEASIBLE,
C1S,INFEASIBLE,,INFEASIBLE,,INFEASIBLE,,OPTIMAL,-0.07079714067226693,INFEASIBLE,
C20orf96,OPTIMAL,-0.1816350672889779,INFEASIBLE,,INFEASIBLE,,OPTIMAL,-0.065113932772736,OPTIMAL,-0.05084416711806689
C21orf58,INFEASIBLE,,INFEASIBLE,,INFEASIBLE,,OPTIMAL,-0.14701065717104314,INFEASIBLE,
C21orf91,OPTIMAL,-0.0384392010881223,OPTIMAL,-0.0128178375684055,INFEASIBLE,,OPTIMAL,-0.0769705693292652,INFEASIBLE,
C22orf39,INFEASIBLE,,INFEASIBLE,,INFEASIBLE,,INFEASIBLE,,INFEASIBLE,
C2CD2,INFEASIBLE,,INFEASIBLE,,INFEASIBLE,,INFEASIBLE,,INFEASIBLE,
C2CD2L,INFEASIBLE,,INFEASIBLE,,INFEASIBLE,,OPTIMAL,-0.06874906488657764,INFEASIBLE,
C2CD3,INFEASIBLE,,INFEASIBLE,,INFEASIBLE,,OPTIMAL,-0.16275226453881086,OPTIMAL,-0.11185833993786863
C2CD5,INFEASIBLE,,INFEASIBLE,,INFEASIBLE,,OPTIMAL,-0.23763256589580356,INFEASIBLE,
C2orf42,INFEASIBLE,,INFEASIBLE,,INFEASIBLE,,OPTIMAL,-0.1049647493956734,INFEASIBLE,
C2orf49,INFEASIBLE,,INFEASIBLE,,INFEASIBLE,,INFEASIBLE,,INFEASIBLE,
C2orf68,INFEASIBLE,,INFEASIBLE,,INFEASIBLE,,OPTIMAL,-0.16027372339395976,INFEASIBLE,
C2orf69,INFEASIBLE,,INFEASIBLE,,INFEASIBLE,,INFEASIBLE,,INFEASIBLE,
C2orf74,INFEASIBLE,,INFEASIBLE,,INFEASIBLE,,OPTIMAL,-0.1094476511201559,INFEASIBLE,
C2orf76,INFEASIBLE,,INFEASIBLE,,INFEASIBLE,,INFEASIBLE,,INFEASIBLE,
C2orf81,OPTIMAL,-0.0544988515498183,OPTIMAL,-0.6684074509920588,INFEASIBLE,,OPTIMAL,-0.03701303394486305,INFEASIBLE,
C3orf18,INFEASIBLE,,INFEASIBLE,,INFEASIBLE,,OPTIMAL,-0.11716105772207139,OPTIMAL,-0.08549143076689562
C3orf38,INFEASIBLE,,INFEASIBLE,,INFEASIBLE,,INFEASIBLE,,INFEASIBLE,
C3orf70,OPTIMAL,-0.1021427085216985,OPTIMAL,-0.1498371940864316,INFEASIBLE,,OPTIMAL,-0.07465199035153877,INFEASIBLE,
C4orf3,INFEASIBLE,,INFEASIBLE,,INFEASIBLE,,INFEASIBLE,,INFEASIBLE,
C4orf33,INFEASIBLE,,INFEASIBLE,,INFEASIBLE,,OPTIMAL,-0.12429042221378753,INFEASIBLE,
C4orf36,OPTIMAL,-0.1232166595158793,INFEASIBLE,,INFEASIBLE,,OPTIMAL,-0.07369787651893966,INFEASIBLE,
C4orf46,INFEASIBLE,,INFEASIBLE,,INFEASIBLE,,OPTIMAL,-0.1963644596701452,OPTIMAL,-0.13949833398193867
C5orf15,INFEASIBLE,,INFEASIBLE,,INFEASIBLE,,INFEASIBLE,,INFEASIBLE,
C5orf22,INFEASIBLE,,INFEASIBLE,,INFEASIBLE,,OPTIMAL,-0.11318371954705336,INFEASIBLE,
C5orf24,INFEASIBLE,,INFEASIBLE,,INFEASIBLE,,INFEASIBLE,,INFEASIBLE,
C5orf34,INFEASIBLE,,INFEASIBLE,,INFEASIBLE,,OPTIMAL,-0.13799092205348723,INFEASIBLE,
C5orf63,OPTIMAL,-0.0554851470743014,INFEASIBLE,,INFEASIBLE,,OPTIMAL,-0.09372582564271385,OPTIMAL,-0.07316779023721874
C6orf120,INFEASIBLE,,INFEASIBLE,,INFEASIBLE,,INFEASIBLE,,INFEASIBLE,
C6orf136,INFEASIBLE,,INFEASIBLE,,INFEASIBLE,,OPTIMAL,-0.1182512216777,INFEASIBLE,
C6orf226,INFEASIBLE,,INFEASIBLE,,INFEASIBLE,,OPTIMAL,-0.1091491842616838,INFEASIBLE,
C6orf62,INFEASIBLE,,INFEASIBLE,,INFEASIBLE,,INFEASIBLE,,INFEASIBLE,
C6orf89,INFEASIBLE,,INFEASIBLE,,INFEASIBLE,,INFEASIBLE,,INFEASIBLE,
C7orf50,INFEASIBLE,,INFEASIBLE,,INFEASIBLE,,INFEASIBLE,,INFEASIBLE,
C8orf33,INFEASIBLE,,INFEASIBLE,,INFEASIBLE,,INFEASIBLE,,INFEASIBLE,
C8orf48,INFEASIBLE,,INFEASIBLE,,INFEASIBLE,,OPTIMAL,-0.0756712419139769,INFEASIBLE,
C8orf58,INFEASIBLE,,INFEASIBLE,,INFEASIBLE,,INFEASIBLE,,INFEASIBLE,
C8orf76,INFEASIBLE,,INFEASIBLE,,INFEASIBLE,,OPTIMAL,-0.1429064117368925,INFEASIBLE,
C8orf82,INFEASIBLE,,INFEASIBLE,,INFEASIBLE,,OPTIMAL,-0.09999646902911927,INFEASIBLE,
C8orf88,OPTIMAL,-0.1101795499749528,OPTIMAL,-0.1871925155313136,INFEASIBLE,,OPTIMAL,-0.11268698946839985,OPTIMAL,-0.11218748979696633
C9orf40,INFEASIBLE,,INFEASIBLE,,INFEASIBLE,,OPTIMAL,-0.267036322058887,INFEASIBLE,
C9orf72,OPTIMAL,-0.1163876128662815,OPTIMAL,-0.0853461652969835,INFEASIBLE,,OPTIMAL,-0.02508665829107362,OPTIMAL,-0.050242789112785284
C9orf78,INFEASIBLE,,INFEASIBLE,,INFEASIBLE,,INFEASIBLE,,INFEASIBLE,
C9orf85,INFEASIBLE,,INFEASIBLE,,INFEASIBLE,,OPTIMAL,-0.17748005951968224,INFEASIBLE,
CA12,INFEASIBLE,,INFEASIBLE,,INFEASIBLE,,INFEASIBLE,,INFEASIBLE,
CA13,OPTIMAL,-0.2240648384743949,INFEASIBLE,,INFEASIBLE,,OPTIMAL,-0.10446939674561867,OPTIMAL,-0.09541694818896032
CA7,INFEASIBLE,,INFEASIBLE,,INFEASIBLE,,INFEASIBLE,,INFEASIBLE,
CAAP1,INFEASIBLE,,INFEASIBLE,,INFEASIBLE,,INFEASIBLE,,INFEASIBLE,
CAB39,INFEASIBLE,,INFEASIBLE,,INFEASIBLE,,INFEASIBLE,,INFEASIBLE,
CAB39L,INFEASIBLE,,INFEASIBLE,,INFEASIBLE,,OPTIMAL,-0.09951094345880379,OPTIMAL,-0.07716317907246377
CABIN1,INFEASIBLE,,INFEASIBLE,,INFEASIBLE,,INFEASIBLE,,INFEASIBLE,
CABLES2,INFEASIBLE,,INFEASIBLE,,INFEASIBLE,,OPTIMAL,-0.1127336100336118,OPTIMAL,-0.08677544508414814
CABYR,INFEASIBLE,,INFEASIBLE,,INFEASIBLE,,OPTIMAL,-0.08826716518020646,OPTIMAL,-0.06941362008774683
CACFD1,INFEASIBLE,,INFEASIBLE,,INFEASIBLE,,OPTIMAL,-0.030339358894927806,OPTIMAL,-0.09792633917516945
CACNA1C,INFEASIBLE,,INFEASIBLE,,INFEASIBLE,,OPTIMAL,-0.08149219612335996,INFEASIBLE,
CACNA2D1,INFEASIBLE,,INFEASIBLE,,INFEASIBLE,,INFEASIBLE,,INFEASIBLE,
CACNB3,INFEASIBLE,,INFEASIBLE,,INFEASIBLE,,OPTIMAL,-0.08045768975798982,OPTIMAL,-0.057011504240577646
CACTIN,INFEASIBLE,,INFEASIBLE,,INFEASIBLE,,OPTIMAL,-0.09918341407177542,OPTIMAL,-0.08513157681804523
CACUL1,INFEASIBLE,,INFEASIBLE,,INFEASIBLE,,INFEASIBLE,,INFEASIBLE,
CACYBP,INFEASIBLE,,INFEASIBLE,,INFEASIBLE,,INFEASIBLE,,INFEASIBLE,
CAD,INFEASIBLE,,INFEASIBLE,,INFEASIBLE,,INFEASIBLE,,INFEASIBLE,
CADM2,OPTIMAL,1.3613726129991347e-09,OPTIMAL,6.450124780138815e-09,OPTIMAL,-5.049940314001272e-10,INFEASIBLE,,INFEASIBLE,
CALCOCO1,OPTIMAL,-0.0772094761375553,INFEASIBLE,,INFEASIBLE,,OPTIMAL,-0.08800281355717277,INFEASIBLE,
CALCOCO2,INFEASIBLE,,INFEASIBLE,,INFEASIBLE,,INFEASIBLE,,INFEASIBLE,
CALD1,INFEASIBLE,,INFEASIBLE,,INFEASIBLE,,INFEASIBLE,,INFEASIBLE,
CALHM2,INFEASIBLE,,INFEASIBLE,,INFEASIBLE,,OPTIMAL,-0.1839487758898159,INFEASIBLE,
CALM1,INFEASIBLE,,INFEASIBLE,,INFEASIBLE,,INFEASIBLE,,INFEASIBLE,
CALM2,INFEASIBLE,,INFEASIBLE,,INFEASIBLE,,INFEASIBLE,,INFEASIBLE,
CALM3,INFEASIBLE,,INFEASIBLE,,INFEASIBLE,,INFEASIBLE,,INFEASIBLE,
CALR,INFEASIBLE,,INFEASIBLE,,INFEASIBLE,,INFEASIBLE,,INFEASIBLE,
CALU,INFEASIBLE,,INFEASIBLE,,INFEASIBLE,,INFEASIBLE,,INFEASIBLE,
CAMK2B,INFEASIBLE,,INFEASIBLE,,INFEASIBLE,,INFEASIBLE,,INFEASIBLE,
CAMK2D,OPTIMAL,-0.3892228432065152,INFEASIBLE,,INFEASIBLE,,INFEASIBLE,,INFEASIBLE,
CAMK2G,INFEASIBLE,,INFEASIBLE,,INFEASIBLE,,OPTIMAL,-0.4380873076275371,INFEASIBLE,
CAMK2N1,INFEASIBLE,,INFEASIBLE,,INFEASIBLE,,INFEASIBLE,,INFEASIBLE,
CAMK4,INFEASIBLE,,INFEASIBLE,,INFEASIBLE,,OPTIMAL,-0.13008642926558958,INFEASIBLE,
CAMKK1,INFEASIBLE,,INFEASIBLE,,INFEASIBLE,,OPTIMAL,-0.07274249872715055,OPTIMAL,-0.06598217898813868
CAMKK2,INFEASIBLE,,INFEASIBLE,,INFEASIBLE,,INFEASIBLE,,INFEASIBLE,
CAMLG,INFEASIBLE,,INFEASIBLE,,INFEASIBLE,,INFEASIBLE,,INFEASIBLE,
CAMSAP1,INFEASIBLE,,INFEASIBLE,,INFEASIBLE,,OPTIMAL,-0.17068996280112206,INFEASIBLE,
CAMSAP2,INFEASIBLE,,INFEASIBLE,,INFEASIBLE,,INFEASIBLE,,INFEASIBLE,
CAMTA1,INFEASIBLE,,INFEASIBLE,,INFEASIBLE,,INFEASIBLE,,INFEASIBLE,
CAMTA2,OPTIMAL,-0.3143997354837424,INFEASIBLE,,INFEASIBLE,,OPTIMAL,-0.07856846305004109,OPTIMAL,-0.059672554615942196
CAND1,INFEASIBLE,,INFEASIBLE,,INFEASIBLE,,INFEASIBLE,,INFEASIBLE,
CANT1,INFEASIBLE,,INFEASIBLE,,INFEASIBLE,,INFEASIBLE,,INFEASIBLE,
CANX,INFEASIBLE,,INFEASIBLE,,INFEASIBLE,,INFEASIBLE,,INFEASIBLE,
CAP1,INFEASIBLE,,INFEASIBLE,,INFEASIBLE,,INFEASIBLE,,INFEASIBLE,
CAP2,INFEASIBLE,,INFEASIBLE,,INFEASIBLE,,OPTIMAL,-0.0729736906421786,INFEASIBLE,
