,counts_d2_c95,counts_d3_c95,counts_d4_c95,outlier_d2_c95,outlier_d3_c95,outlier_d4_c95,counts_d4_c50,counts_d4_c25
A4GALT,OPTIMAL,OPTIMAL,OPTIMAL,OPTIMAL,OPTIMAL,OPTIMAL,INFEASIBLE,INFEASIBLE
AAAS,OPTIMAL,OPTIMAL,OPTIMAL,OPTIMAL,OPTIMAL,OPTIMAL,INFEASIBLE,INFEASIBLE
AACS,OPTIMAL,OPTIMAL,OPTIMAL,OPTIMAL,OPTIMAL,OPTIMAL,OPTIMAL,INFEASIBLE
AADAT,OPTIMAL,OPTIMAL,OPTIMAL,OPTIMAL,OPTIMAL,OPTIMAL,INFEASIBLE,INFEASIBLE
AAGAB,OPTIMAL,OPTIMAL,OPTIMAL,OPTIMAL,OPTIMAL,OPTIMAL,OPTIMAL,INFEASIBLE
AAK1,OPTIMAL,OPTIMAL,OPTIMAL,OPTIMAL,OPTIMAL,OPTIMAL,CUT_LIMIT,INFEASIBLE
AAMDC,OPTIMAL,OPTIMAL,OPTIMAL,OPTIMAL,INFEASIBLE,INFEASIBLE,INFEASIBLE,INFEASIBLE
AAMP,OPTIMAL,OPTIMAL,OPTIMAL,OPTIMAL,OPTIMAL,OPTIMAL,INFEASIBLE,INFEASIBLE
AAR2,OPTIMAL,OPTIMAL,OPTIMAL,OPTIMAL,OPTIMAL,OPTIMAL,OPTIMAL,INFEASIBLE
AARS2,INFEASIBLE,INFEASIBLE,INFEASIBLE,INFEASIBLE,INFEASIBLE,INFEASIBLE,INFEASIBLE,INFEASIBLE
AASDH,OPTIMAL,OPTIMAL,OPTIMAL,OPTIMAL,OPTIMAL,OPTIMAL,OPTIMAL,INFEASIBLE
AASDHPPT,OPTIMAL,OPTIMAL,OPTIMAL,OPTIMAL,OPTIMAL,OPTIMAL,OPTIMAL,INFEASIBLE
AASS,OPTIMAL,OPTIMAL,OPTIMAL,OPTIMAL,OPTIMAL,OPTIMAL,INFEASIBLE,INFEASIBLE
AATF,OPTIMAL,OPTIMAL,OPTIMAL,OPTIMAL,OPTIMAL,OPTIMAL,INFEASIBLE,INFEASIBLE
ABCA1,OPTIMAL,OPTIMAL,INFEASIBLE,OPTIMAL,INFEASIBLE,INFEASIBLE,INFEASIBLE,INFEASIBLE
ABCA5,OPTIMAL,OPTIMAL,OPTIMAL,OPTIMAL,OPTIMAL,OPTIMAL,INFEASIBLE,INFEASIBLE
ABCA6,OPTIMAL,INFEASIBLE,INFEASIBLE,OPTIMAL,INFEASIBLE,INFEASIBLE,INFEASIBLE,INFEASIBLE
ABCB10,OPTIMAL,OPTIMAL,OPTIMAL,OPTIMAL,OPTIMAL,OPTIMAL,OPTIMAL,INFEASIBLE
ABCB7,OPTIMAL,OPTIMAL,OPTIMAL,OPTIMAL,OPTIMAL,OPTIMAL,INFEASIBLE,INFEASIBLE
ABCB8,OPTIMAL,OPTIMAL,OPTIMAL,OPTIMAL,OPTIMAL,OPTIMAL,OPTIMAL,INFEASIBLE
ABCC1,OPTIMAL,OPTIMAL,OPTIMAL,OPTIMAL,OPTIMAL,OPTIMAL,OPTIMAL,INFEASIBLE
ABCC10,INFEASIBLE,INFEASIBLE,INFEASIBLE,INFEASIBLE,INFEASIBLE,INFEASIBLE,INFEASIBLE,INFEASIBLE
ABCC3,OPTIMAL,OPTIMAL,OPTIMAL,OPTIMAL,OPTIMAL,OPTIMAL,INFEASIBLE,INFEASIBLE
ABCC4,OPTIMAL,OPTIMAL,OPTIMAL,OPTIMAL,OPTIMAL,OPTIMAL,OPTIMAL,INFEASIBLE
ABCC5,OPTIMAL,OPTIMAL,OPTIMAL,OPTIMAL,OPTIMAL,OPTIMAL,INFEASIBLE,INFEASIBLE
ABCD1,OPTIMAL,OPTIMAL,INFEASIBLE,OPTIMAL,INFEASIBLE,INFEASIBLE,INFEASIBLE,INFEASIBLE
ABCD3,OPTIMAL,OPTIMAL,OPTIMAL,OPTIMAL,OPTIMAL,OPTIMAL,INFEASIBLE,INFEASIBLE
ABCD4,OPTIMAL,OPTIMAL,OPTIMAL,OPTIMAL,OPTIMAL,OPTIMAL,OPTIMAL,INFEASIBLE
ABCE1,OPTIMAL,OPTIMAL,OPTIMAL,OPTIMAL,OPTIMAL,OPTIMAL,OPTIMAL,INFEASIBLE
ABCF1,OPTIMAL,OPTIMAL,OPTIMAL,OPTIMAL,OPTIMAL,OPTIMAL,INFEASIBLE,INFEASIBLE
ABCF2,OPTIMAL,OPTIMAL,OPTIMAL,OPTIMAL,OPTIMAL,CUT_LIMIT,INFEASIBLE,INFEASIBLE
ABCF3,OPTIMAL,OPTIMAL,OPTIMAL,OPTIMAL,OPTIMAL,OPTIMAL,OPTIMAL,INFEASIBLE
ABCG1,OPTIMAL,OPTIMAL,OPTIMAL,OPTIMAL,OPTIMAL,OPTIMAL,INFEASIBLE,INFEASIBLE
ABHD10,OPTIMAL,OPTIMAL,OPTIMAL,OPTIMAL,OPTIMAL,OPTIMAL,OPTIMAL,INFEASIBLE
ABHD11,OPTIMAL,OPTIMAL,OPTIMAL,OPTIMAL,OPTIMAL,OPTIMAL,OPTIMAL,INFEASIBLE
ABHD12,OPTIMAL,INFEASIBLE,INFEASIBLE,OPTIMAL,OPTIMAL,OPTIMAL,INFEASIBLE,INFEASIBLE
ABHD13,OPTIMAL,OPTIMAL,INFEASIBLE,OPTIMAL,OPTIMAL,INFEASIBLE,INFEASIBLE,INFEASIBLE
ABHD14B,INFEASIBLE,INFEASIBLE,INFEASIBLE,OPTIMAL,OPTIMAL,OPTIMAL,INFEASIBLE,INFEASIBLE
ABHD15,OPTIMAL,OPTIMAL,OPTIMAL,OPTIMAL,OPTIMAL,INFEASIBLE,INFEASIBLE,INFEASIBLE
ABHD17A,OPTIMAL,OPTIMAL,OPTIMAL,OPTIMAL,OPTIMAL,OPTIMAL,INFEASIBLE,INFEASIBLE
ABHD17B,OPTIMAL,OPTIMAL,OPTIMAL,OPTIMAL,OPTIMAL,OPTIMAL,OPTIMAL,INFEASIBLE
ABHD17C,INFEASIBLE,INFEASIBLE,INFEASIBLE,OPTIMAL,INFEASIBLE,INFEASIBLE,INFEASIBLE,INFEASIBLE
ABHD2,OPTIMAL,OPTIMAL,OPTIMAL,OPTIMAL,OPTIMAL,OPTIMAL,INFEASIBLE,INFEASIBLE
ABHD3,OPTIMAL,INFEASIBLE,INFEASIBLE,OPTIMAL,INFEASIBLE,INFEASIBLE,INFEASIBLE,INFEASIBLE
ABHD4,INFEASIBLE,INFEASIBLE,INFEASIBLE,OPTIMAL,OPTIMAL,OPTIMAL,INFEASIBLE,INFEASIBLE
ABHD5,OPTIMAL,OPTIMAL,OPTIMAL,OPTIMAL,OPTIMAL,OPTIMAL,OPTIMAL,INFEASIBLE
ABI1,OPTIMAL,OPTIMAL,OPTIMAL,OPTIMAL,OPTIMAL,INFEASIBLE,INFEASIBLE,INFEASIBLE
ABI2,OPTIMAL,OPTIMAL,OPTIMAL,OPTIMAL,OPTIMAL,OPTIMAL,OPTIMAL,INFEASIBLE
ABI3BP,OPTIMAL,OPTIMAL,OPTIMAL,OPTIMAL,OPTIMAL,OPTIMAL,OPTIMAL,INFEASIBLE
ABL1,OPTIMAL,OPTIMAL,OPTIMAL,OPTIMAL,OPTIMAL,OPTIMAL,INFEASIBLE,INFEASIBLE
ABL2,OPTIMAL,OPTIMAL,OPTIMAL,OPTIMAL,OPTIMAL,OPTIMAL,OPTIMAL,INFEASIBLE
ABLIM3,OPTIMAL,OPTIMAL,OPTIMAL,OPTIMAL,OPTIMAL,OPTIMAL,INFEASIBLE,INFEASIBLE
ABR,OPTIMAL,OPTIMAL,OPTIMAL,OPTIMAL,OPTIMAL,OPTIMAL,INFEASIBLE,INFEASIBLE
ABRACL,OPTIMAL,OPTIMAL,OPTIMAL,OPTIMAL,OPTIMAL,OPTIMAL,INFEASIBLE,INFEASIBLE
ABT1,OPTIMAL,OPTIMAL,OPTIMAL,OPTIMAL,OPTIMAL,OPTIMAL,INFEASIBLE,INFEASIBLE
ABTB1,OPTIMAL,INFEASIBLE,INFEASIBLE,OPTIMAL,INFEASIBLE,INFEASIBLE,INFEASIBLE,INFEASIBLE
ACAA1,OPTIMAL,INFEASIBLE,INFEASIBLE,OPTIMAL,OPTIMAL,OPTIMAL,INFEASIBLE,INFEASIBLE
ACAA2,OPTIMAL,OPTIMAL,OPTIMAL,OPTIMAL,OPTIMAL,OPTIMAL,INFEASIBLE,INFEASIBLE
ACACA,OPTIMAL,OPTIMAL,OPTIMAL,OPTIMAL,OPTIMAL,OPTIMAL,INFEASIBLE,INFEASIBLE
ACAD8,OPTIMAL,OPTIMAL,OPTIMAL,OPTIMAL,OPTIMAL,INFEASIBLE,INFEASIBLE,INFEASIBLE
ACAD9,OPTIMAL,OPTIMAL,OPTIMAL,OPTIMAL,OPTIMAL,OPTIMAL,OPTIMAL,INFEASIBLE
ACADM,OPTIMAL,OPTIMAL,OPTIMAL,OPTIMAL,OPTIMAL,OPTIMAL,OPTIMAL,INFEASIBLE
ACADS,OPTIMAL,OPTIMAL,OPTIMAL,OPTIMAL,OPTIMAL,INFEASIBLE,INFEASIBLE,INFEASIBLE
ACADSB,OPTIMAL,INFEASIBLE,INFEASIBLE,OPTIMAL,INFEASIBLE,INFEASIBLE,INFEASIBLE,INFEASIBLE
ACADVL,OPTIMAL,OPTIMAL,OPTIMAL,OPTIMAL,OPTIMAL,OPTIMAL,INFEASIBLE,INFEASIBLE
ACAP1,OPTIMAL,OPTIMAL,OPTIMAL,OPTIMAL,OPTIMAL,OPTIMAL,OPTIMAL,INFEASIBLE
ACAP2,OPTIMAL,OPTIMAL,OPTIMAL,OPTIMAL,OPTIMAL,OPTIMAL,INFEASIBLE,INFEASIBLE
ACAT1,OPTIMAL,OPTIMAL,OPTIMAL,OPTIMAL,OPTIMAL,OPTIMAL,INFEASIBLE,INFEASIBLE
ACAT2,OPTIMAL,OPTIMAL,OPTIMAL,OPTIMAL,OPTIMAL,OPTIMAL,OPTIMAL,INFEASIBLE
ACBD3,OPTIMAL,OPTIMAL,OPTIMAL,OPTIMAL,OPTIMAL,OPTIMAL,INFEASIBLE,INFEASIBLE
ACBD5,OPTIMAL,OPTIMAL,INFEASIBLE,OPTIMAL,OPTIMAL,INFEASIBLE,INFEASIBLE,INFEASIBLE
ACBD6,OPTIMAL,OPTIMAL,CUT_LIMIT,OPTIMAL,OPTIMAL,OPTIMAL,OPTIMAL,INFEASIBLE
ACD,OPTIMAL,OPTIMAL,OPTIMAL,OPTIMAL,OPTIMAL,OPTIMAL,INFEASIBLE,INFEASIBLE
ACER3,OPTIMAL,OPTIMAL,INFEASIBLE,OPTIMAL,OPTIMAL,INFEASIBLE,INFEASIBLE,INFEASIBLE
ACIN1,OPTIMAL,OPTIMAL,OPTIMAL,OPTIMAL,OPTIMAL,OPTIMAL,INFEASIBLE,INFEASIBLE
ACLY,OPTIMAL,OPTIMAL,OPTIMAL,OPTIMAL,OPTIMAL,OPTIMAL,OPTIMAL,INFEASIBLE
ACO1,OPTIMAL,OPTIMAL,OPTIMAL,OPTIMAL,OPTIMAL,OPTIMAL,INFEASIBLE,INFEASIBLE
ACO2,OPTIMAL,OPTIMAL,OPTIMAL,OPTIMAL,OPTIMAL,OPTIMAL,INFEASIBLE,INFEASIBLE
ACOT1,OPTIMAL,OPTIMAL,OPTIMAL,OPTIMAL,OPTIMAL,OPTIMAL,INFEASIBLE,INFEASIBLE
ACOT13,OPTIMAL,OPTIMAL,OPTIMAL,OPTIMAL,OPTIMAL,OPTIMAL,INFEASIBLE,INFEASIBLE
ACOT2,OPTIMAL,OPTIMAL,OPTIMAL,OPTIMAL,OPTIMAL,OPTIMAL,OPTIMAL,INFEASIBLE
ACOT7,OPTIMAL,OPTIMAL,OPTIMAL,OPTIMAL,OPTIMAL,CUT_LIMIT,OPTIMAL,INFEASIBLE
ACOT8,OPTIMAL,INFEASIBLE,INFEASIBLE,OPTIMAL,INFEASIBLE,INFEASIBLE,INFEASIBLE,INFEASIBLE
ACOT9,OPTIMAL,OPTIMAL,OPTIMAL,OPTIMAL,OPTIMAL,OPTIMAL,INFEASIBLE,INFEASIBLE
ACOX1,OPTIMAL,OPTIMAL,OPTIMAL,OPTIMAL,OPTIMAL,OPTIMAL,INFEASIBLE,INFEASIBLE
ACOX3,OPTIMAL,OPTIMAL,OPTIMAL,OPTIMAL,OPTIMAL,OPTIMAL,INFEASIBLE,INFEASIBLE
ACP1,OPTIMAL,OPTIMAL,OPTIMAL,OPTIMAL,OPTIMAL,OPTIMAL,INFEASIBLE,INFEASIBLE
ACP2,OPTIMAL,OPTIMAL,OPTIMAL,OPTIMAL,OPTIMAL,OPTIMAL,INFEASIBLE,INFEASIBLE
ACP6,OPTIMAL,OPTIMAL,OPTIMAL,OPTIMAL,OPTIMAL,OPTIMAL,INFEASIBLE,INFEASIBLE
ACSF3,OPTIMAL,OPTIMAL,INFEASIBLE,OPTIMAL,OPTIMAL,INFEASIBLE,INFEASIBLE,INFEASIBLE
ACSL1,OPTIMAL,OPTIMAL,OPTIMAL,OPTIMAL,OPTIMAL,OPTIMAL,OPTIMAL,INFEASIBLE
ACSL3,OPTIMAL,OPTIMAL,OPTIMAL,OPTIMAL,OPTIMAL,OPTIMAL,OPTIMAL,OPTIMAL
ACSL4,OPTIMAL,OPTIMAL,OPTIMAL,OPTIMAL,OPTIMAL,OPTIMAL,INFEASIBLE,INFEASIBLE
ACSS2,OPTIMAL,INFEASIBLE,INFEASIBLE,OPTIMAL,OPTIMAL,OPTIMAL,INFEASIBLE,INFEASIBLE
ACSS3,OPTIMAL,OPTIMAL,INFEASIBLE,OPTIMAL,OPTIMAL,INFEASIBLE,INFEASIBLE,INFEASIBLE
ACTA2,OPTIMAL,OPTIMAL,OPTIMAL,OPTIMAL,OPTIMAL,OPTIMAL,INFEASIBLE,INFEASIBLE
ACTB,OPTIMAL,OPTIMAL,INFEASIBLE,OPTIMAL,OPTIMAL,OPTIMAL,INFEASIBLE,INFEASIBLE
ACTG1,OPTIMAL,OPTIMAL,INFEASIBLE,OPTIMAL,OPTIMAL,CUT_LIMIT,INFEASIBLE,INFEASIBLE
ACTL6A,OPTIMAL,OPTIMAL,OPTIMAL,OPTIMAL,OPTIMAL,OPTIMAL,INFEASIBLE,INFEASIBLE
ACTN1,OPTIMAL,OPTIMAL,INFEASIBLE,OPTIMAL,OPTIMAL,OPTIMAL,INFEASIBLE,INFEASIBLE
ACTN4,OPTIMAL,OPTIMAL,OPTIMAL,OPTIMAL,OPTIMAL,OPTIMAL,INFEASIBLE,INFEASIBLE
ACTR10,OPTIMAL,OPTIMAL,INFEASIBLE,OPTIMAL,OPTIMAL,OPTIMAL,INFEASIBLE,INFEASIBLE
ACTR1A,OPTIMAL,OPTIMAL,INFEASIBLE,OPTIMAL,INFEASIBLE,INFEASIBLE,INFEASIBLE,INFEASIBLE
ACTR1B,OPTIMAL,OPTIMAL,OPTIMAL,OPTIMAL,OPTIMAL,OPTIMAL,INFEASIBLE,INFEASIBLE
ACTR2,OPTIMAL,OPTIMAL,OPTIMAL,OPTIMAL,OPTIMAL,OPTIMAL,OPTIMAL,OPTIMAL
ACTR3,OPTIMAL,OPTIMAL,OPTIMAL,OPTIMAL,OPTIMAL,OPTIMAL,INFEASIBLE,INFEASIBLE
ACTR5,OPTIMAL,INFEASIBLE,INFEASIBLE,OPTIMAL,INFEASIBLE,INFEASIBLE,INFEASIBLE,INFEASIBLE
ACTR6,INFEASIBLE,INFEASIBLE,INFEASIBLE,INFEASIBLE,INFEASIBLE,INFEASIBLE,INFEASIBLE,INFEASIBLE
ACTR8,OPTIMAL,OPTIMAL,OPTIMAL,OPTIMAL,OPTIMAL,OPTIMAL,INFEASIBLE,INFEASIBLE
ACVR1,OPTIMAL,INFEASIBLE,INFEASIBLE,OPTIMAL,OPTIMAL,OPTIMAL,INFEASIBLE,INFEASIBLE
ACVR1B,OPTIMAL,OPTIMAL,OPTIMAL,OPTIMAL,OPTIMAL,OPTIMAL,INFEASIBLE,INFEASIBLE
ACVR2A,OPTIMAL,OPTIMAL,OPTIMAL,OPTIMAL,OPTIMAL,OPTIMAL,INFEASIBLE,INFEASIBLE
ACVRL1,OPTIMAL,OPTIMAL,OPTIMAL,OPTIMAL,OPTIMAL,OPTIMAL,INFEASIBLE,INFEASIBLE
ACYP1,OPTIMAL,OPTIMAL,OPTIMAL,OPTIMAL,OPTIMAL,OPTIMAL,INFEASIBLE,INFEASIBLE
ACYP2,INFEASIBLE,INFEASIBLE,INFEASIBLE,OPTIMAL,OPTIMAL,OPTIMAL,INFEASIBLE,INFEASIBLE
ADA,OPTIMAL,OPTIMAL,OPTIMAL,OPTIMAL,OPTIMAL,OPTIMAL,OPTIMAL,INFEASIBLE
ADAL,OPTIMAL,OPTIMAL,OPTIMAL,OPTIMAL,OPTIMAL,OPTIMAL,OPTIMAL,INFEASIBLE
ADAM10,OPTIMAL,OPTIMAL,OPTIMAL,OPTIMAL,OPTIMAL,OPTIMAL,INFEASIBLE,INFEASIBLE
ADAM12,OPTIMAL,OPTIMAL,OPTIMAL,OPTIMAL,OPTIMAL,OPTIMAL,OPTIMAL,INFEASIBLE
ADAM15,OPTIMAL,OPTIMAL,OPTIMAL,OPTIMAL,OPTIMAL,OPTIMAL,INFEASIBLE,INFEASIBLE
ADAM17,OPTIMAL,INFEASIBLE,INFEASIBLE,OPTIMAL,INFEASIBLE,INFEASIBLE,INFEASIBLE,INFEASIBLE
ADAM22,OPTIMAL,OPTIMAL,OPTIMAL,OPTIMAL,OPTIMAL,OPTIMAL,OPTIMAL,INFEASIBLE
ADAM33,OPTIMAL,OPTIMAL,OPTIMAL,OPTIMAL,OPTIMAL,OPTIMAL,INFEASIBLE,INFEASIBLE
ADAM9,OPTIMAL,OPTIMAL,OPTIMAL,OPTIMAL,OPTIMAL,OPTIMAL,OPTIMAL,INFEASIBLE
ADAMTS1,OPTIMAL,INFEASIBLE,INFEASIBLE,OPTIMAL,INFEASIBLE,INFEASIBLE,INFEASIBLE,INFEASIBLE
ADAMTS12,OPTIMAL,OPTIMAL,OPTIMAL,OPTIMAL,OPTIMAL,OPTIMAL,INFEASIBLE,INFEASIBLE
ADAMTS2,OPTIMAL,OPTIMAL,OPTIMAL,OPTIMAL,OPTIMAL,OPTIMAL,OPTIMAL,INFEASIBLE
ADAMTS4,OPTIMAL,OPTIMAL,OPTIMAL,OPTIMAL,OPTIMAL,OPTIMAL,INFEASIBLE,INFEASIBLE
ADAMTS6,OPTIMAL,OPTIMAL,OPTIMAL,OPTIMAL,OPTIMAL,OPTIMAL,INFEASIBLE,INFEASIBLE
ADAMTSL1,OPTIMAL,OPTIMAL,OPTIMAL,OPTIMAL,OPTIMAL,OPTIMAL,INFEASIBLE,INFEASIBLE
ADAR,OPTIMAL,OPTIMAL,INFEASIBLE,OPTIMAL,OPTIMAL,OPTIMAL,INFEASIBLE,INFEASIBLE
ADARB1,INFEASIBLE,INFEASIBLE,INFEASIBLE,INFEASIBLE,INFEASIBLE,INFEASIBLE,INFEASIBLE,INFEASIBLE
ADAT1,OPTIMAL,OPTIMAL,OPTIMAL,OPTIMAL,OPTIMAL,OPTIMAL,INFEASIBLE,INFEASIBLE
ADAT2,OPTIMAL,OPTIMAL,OPTIMAL,OPTIMAL,OPTIMAL,OPTIMAL,INFEASIBLE,INFEASIBLE
ADCK2,OPTIMAL,OPTIMAL,OPTIMAL,OPTIMAL,OPTIMAL,OPTIMAL,INFEASIBLE,INFEASIBLE
ADCK5,INFEASIBLE,INFEASIBLE,INFEASIBLE,OPTIMAL,OPTIMAL,OPTIMAL,INFEASIBLE,INFEASIBLE
ADCY3,OPTIMAL,OPTIMAL,INFEASIBLE,OPTIMAL,OPTIMAL,OPTIMAL,INFEASIBLE,INFEASIBLE
ADCY7,OPTIMAL,INFEASIBLE,INFEASIBLE,OPTIMAL,INFEASIBLE,INFEASIBLE,INFEASIBLE,INFEASIBLE
ADCY9,OPTIMAL,OPTIMAL,INFEASIBLE,OPTIMAL,INFEASIBLE,INFEASIBLE,INFEASIBLE,INFEASIBLE
ADD1,OPTIMAL,OPTIMAL,OPTIMAL,OPTIMAL,OPTIMAL,OPTIMAL,OPTIMAL,INFEASIBLE
ADD3,OPTIMAL,OPTIMAL,OPTIMAL,OPTIMAL,OPTIMAL,OPTIMAL,INFEASIBLE,INFEASIBLE
ADGRA2,OPTIMAL,OPTIMAL,OPTIMAL,OPTIMAL,OPTIMAL,OPTIMAL,OPTIMAL,INFEASIBLE
ADGRA3,INFEASIBLE,INFEASIBLE,INFEASIBLE,INFEASIBLE,INFEASIBLE,INFEASIBLE,INFEASIBLE,INFEASIBLE
ADGRE5,OPTIMAL,OPTIMAL,OPTIMAL,OPTIMAL,OPTIMAL,OPTIMAL,INFEASIBLE,INFEASIBLE
ADGRG2,OPTIMAL,OPTIMAL,INFEASIBLE,OPTIMAL,INFEASIBLE,INFEASIBLE,INFEASIBLE,INFEASIBLE
ADGRL2,OPTIMAL,OPTIMAL,INFEASIBLE,OPTIMAL,OPTIMAL,INFEASIBLE,INFEASIBLE,INFEASIBLE
ADGRL4,OPTIMAL,OPTIMAL,OPTIMAL,OPTIMAL,OPTIMAL,OPTIMAL,INFEASIBLE,INFEASIBLE
ADH5,OPTIMAL,OPTIMAL,OPTIMAL,OPTIMAL,OPTIMAL,OPTIMAL,OPTIMAL,INFEASIBLE
ADI1,OPTIMAL,OPTIMAL,OPTIMAL,OPTIMAL,OPTIMAL,OPTIMAL,OPTIMAL,INFEASIBLE
ADIPOR1,OPTIMAL,OPTIMAL,OPTIMAL,OPTIMAL,OPTIMAL,OPTIMAL,INFEASIBLE,INFEASIBLE
ADIPOR2,OPTIMAL,OPTIMAL,OPTIMAL,OPTIMAL,OPTIMAL,OPTIMAL,INFEASIBLE,INFEASIBLE
ADK,OPTIMAL,OPTIMAL,OPTIMAL,OPTIMAL,OPTIMAL,OPTIMAL,INFEASIBLE,INFEASIBLE
ADM,OPTIMAL,OPTIMAL,INFEASIBLE,OPTIMAL,OPTIMAL,OPTIMAL,INFEASIBLE,INFEASIBLE
ADM5,OPTIMAL,OPTIMAL,OPTIMAL,OPTIMAL,OPTIMAL,OPTIMAL,OPTIMAL,INFEASIBLE
ADNP,OPTIMAL,OPTIMAL,OPTIMAL,OPTIMAL,OPTIMAL,OPTIMAL,OPTIMAL,INFEASIBLE
ADNP2,OPTIMAL,OPTIMAL,INFEASIBLE,OPTIMAL,OPTIMAL,OPTIMAL,INFEASIBLE,INFEASIBLE
ADO,OPTIMAL,OPTIMAL,OPTIMAL,OPTIMAL,OPTIMAL,OPTIMAL,OPTIMAL,INFEASIBLE
ADORA2B,OPTIMAL,INFEASIBLE,INFEASIBLE,OPTIMAL,INFEASIBLE,INFEASIBLE,INFEASIBLE,INFEASIBLE
ADPGK,OPTIMAL,OPTIMAL,OPTIMAL,OPTIMAL,OPTIMAL,OPTIMAL,INFEASIBLE,INFEASIBLE
ADRA1B,OPTIMAL,OPTIMAL,OPTIMAL,OPTIMAL,OPTIMAL,OPTIMAL,INFEASIBLE,INFEASIBLE
ADRB1,OPTIMAL,OPTIMAL,OPTIMAL,OPTIMAL,OPTIMAL,OPTIMAL,INFEASIBLE,INFEASIBLE
ADRB2,OPTIMAL,OPTIMAL,OPTIMAL,OPTIMAL,OPTIMAL,OPTIMAL,INFEASIBLE,INFEASIBLE
ADRM1,OPTIMAL,OPTIMAL,OPTIMAL,OPTIMAL,OPTIMAL,OPTIMAL,INFEASIBLE,INFEASIBLE
ADSL,OPTIMAL,OPTIMAL,OPTIMAL,OPTIMAL,OPTIMAL,OPTIMAL,INFEASIBLE,INFEASIBLE
AEBP1,OPTIMAL,OPTIMAL,OPTIMAL,OPTIMAL,OPTIMAL,OPTIMAL,OPTIMAL,INFEASIBLE
AEBP2,OPTIMAL,OPTIMAL,OPTIMAL,OPTIMAL,OPTIMAL,OPTIMAL,INFEASIBLE,INFEASIBLE
AEN,OPTIMAL,OPTIMAL,OPTIMAL,OPTIMAL,OPTIMAL,OPTIMAL,OPTIMAL,INFEASIBLE
AFAP1,OPTIMAL,OPTIMAL,OPTIMAL,OPTIMAL,OPTIMAL,OPTIMAL,OPTIMAL,INFEASIBLE
AFAP1L1,OPTIMAL,OPTIMAL,OPTIMAL,OPTIMAL,OPTIMAL,OPTIMAL,INFEASIBLE,INFEASIBLE
AFF1,OPTIMAL,OPTIMAL,OPTIMAL,OPTIMAL,OPTIMAL,OPTIMAL,INFEASIBLE,INFEASIBLE
AFF4,OPTIMAL,OPTIMAL,OPTIMAL,OPTIMAL,OPTIMAL,OPTIMAL,INFEASIBLE,INFEASIBLE
AFG3L2,OPTIMAL,INFEASIBLE,INFEASIBLE,INFEASIBLE,INFEASIBLE,INFEASIBLE,INFEASIBLE,INFEASIBLE
AFMID,OPTIMAL,OPTIMAL,INFEASIBLE,OPTIMAL,OPTIMAL,OPTIMAL,INFEASIBLE,INFEASIBLE
AFTPH,OPTIMAL,OPTIMAL,INFEASIBLE,OPTIMAL,OPTIMAL,INFEASIBLE,INFEASIBLE,INFEASIBLE
AGA,OPTIMAL,OPTIMAL,OPTIMAL,OPTIMAL,OPTIMAL,OPTIMAL,INFEASIBLE,INFEASIBLE
AGAP1,OPTIMAL,OPTIMAL,OPTIMAL,OPTIMAL,OPTIMAL,INFEASIBLE,INFEASIBLE,INFEASIBLE
AGAP3,OPTIMAL,OPTIMAL,OPTIMAL,OPTIMAL,OPTIMAL,OPTIMAL,INFEASIBLE,INFEASIBLE
AGAP6,OPTIMAL,OPTIMAL,OPTIMAL,OPTIMAL,OPTIMAL,OPTIMAL,INFEASIBLE,INFEASIBLE
AGBL5,INFEASIBLE,INFEASIBLE,INFEASIBLE,INFEASIBLE,INFEASIBLE,INFEASIBLE,INFEASIBLE,INFEASIBLE
AGFG1,OPTIMAL,OPTIMAL,OPTIMAL,OPTIMAL,OPTIMAL,OPTIMAL,OPTIMAL,INFEASIBLE
AGFG2,INFEASIBLE,INFEASIBLE,INFEASIBLE,INFEASIBLE,INFEASIBLE,INFEASIBLE,INFEASIBLE,INFEASIBLE
AGGF1,OPTIMAL,OPTIMAL,OPTIMAL,OPTIMAL,OPTIMAL,OPTIMAL,INFEASIBLE,INFEASIBLE
AGK,OPTIMAL,OPTIMAL,OPTIMAL,OPTIMAL,OPTIMAL,OPTIMAL,INFEASIBLE,INFEASIBLE
AGL,OPTIMAL,OPTIMAL,OPTIMAL,OPTIMAL,OPTIMAL,OPTIMAL,OPTIMAL,INFEASIBLE
AGO1,OPTIMAL,OPTIMAL,OPTIMAL,OPTIMAL,OPTIMAL,OPTIMAL,OPTIMAL,INFEASIBLE
AGO2,OPTIMAL,OPTIMAL,OPTIMAL,OPTIMAL,OPTIMAL,OPTIMAL,INFEASIBLE,INFEASIBLE
AGO3,OPTIMAL,OPTIMAL,OPTIMAL,OPTIMAL,OPTIMAL,OPTIMAL,INFEASIBLE,INFEASIBLE
AGO4,OPTIMAL,OPTIMAL,INFEASIBLE,OPTIMAL,INFEASIBLE,INFEASIBLE,INFEASIBLE,INFEASIBLE
AGPAT1,OPTIMAL,OPTIMAL,OPTIMAL,OPTIMAL,OPTIMAL,OPTIMAL,OPTIMAL,INFEASIBLE
AGPAT2,OPTIMAL,OPTIMAL,OPTIMAL,OPTIMAL,OPTIMAL,OPTIMAL,OPTIMAL,INFEASIBLE
AGPAT3,OPTIMAL,OPTIMAL,OPTIMAL,OPTIMAL,OPTIMAL,OPTIMAL,OPTIMAL,INFEASIBLE
AGPAT4,OPTIMAL,OPTIMAL,OPTIMAL,OPTIMAL,OPTIMAL,OPTIMAL,OPTIMAL,INFEASIBLE
AGPAT5,OPTIMAL,INFEASIBLE,INFEASIBLE,OPTIMAL,INFEASIBLE,INFEASIBLE,INFEASIBLE,INFEASIBLE
AGPS,OPTIMAL,OPTIMAL,OPTIMAL,OPTIMAL,OPTIMAL,OPTIMAL,INFEASIBLE,INFEASIBLE
AGTPBP1,OPTIMAL,INFEASIBLE,INFEASIBLE,OPTIMAL,INFEASIBLE,INFEASIBLE,INFEASIBLE,INFEASIBLE
AGTRAP,OPTIMAL,OPTIMAL,OPTIMAL,OPTIMAL,OPTIMAL,OPTIMAL,INFEASIBLE,INFEASIBLE
AHCTF1,OPTIMAL,OPTIMAL,OPTIMAL,OPTIMAL,OPTIMAL,OPTIMAL,INFEASIBLE,INFEASIBLE
AHCY,OPTIMAL,OPTIMAL,OPTIMAL,OPTIMAL,OPTIMAL,OPTIMAL,INFEASIBLE,INFEASIBLE
AHCYL1,OPTIMAL,OPTIMAL,INFEASIBLE,OPTIMAL,OPTIMAL,CUT_LIMIT,INFEASIBLE,INFEASIBLE
AHDC1,OPTIMAL,OPTIMAL,OPTIMAL,OPTIMAL,OPTIMAL,OPTIMAL,INFEASIBLE,INFEASIBLE
AHI1,OPTIMAL,OPTIMAL,INFEASIBLE,OPTIMAL,OPTIMAL,OPTIMAL,INFEASIBLE,INFEASIBLE
AHNAK,OPTIMAL,OPTIMAL,OPTIMAL,OPTIMAL,OPTIMAL,OPTIMAL,OPTIMAL,INFEASIBLE
AHNAK2,OPTIMAL,OPTIMAL,OPTIMAL,OPTIMAL,OPTIMAL,CUT_LIMIT,INFEASIBLE,INFEASIBLE
AHR,OPTIMAL,OPTIMAL,OPTIMAL,OPTIMAL,OPTIMAL,OPTIMAL,INFEASIBLE,INFEASIBLE
AHRR,OPTIMAL,INFEASIBLE,INFEASIBLE,OPTIMAL,INFEASIBLE,INFEASIBLE,INFEASIBLE,INFEASIBLE
AHSA1,OPTIMAL,OPTIMAL,OPTIMAL,OPTIMAL,OPTIMAL,OPTIMAL,OPTIMAL,INFEASIBLE
AIDA,OPTIMAL,OPTIMAL,OPTIMAL,OPTIMAL,OPTIMAL,OPTIMAL,INFEASIBLE,INFEASIBLE
AIFM1,OPTIMAL,OPTIMAL,OPTIMAL,OPTIMAL,OPTIMAL,OPTIMAL,OPTIMAL,INFEASIBLE
AIFM2,OPTIMAL,OPTIMAL,INFEASIBLE,OPTIMAL,OPTIMAL,OPTIMAL,INFEASIBLE,INFEASIBLE
AIG1,OPTIMAL,OPTIMAL,OPTIMAL,OPTIMAL,OPTIMAL,OPTIMAL,OPTIMAL,OPTIMAL
AIMP1,OPTIMAL,OPTIMAL,INFEASIBLE,OPTIMAL,OPTIMAL,OPTIMAL,INFEASIBLE,INFEASIBLE
AIMP2,OPTIMAL,OPTIMAL,OPTIMAL,OPTIMAL,OPTIMAL,OPTIMAL,OPTIMAL,INFEASIBLE
AIP,OPTIMAL,OPTIMAL,OPTIMAL,OPTIMAL,OPTIMAL,OPTIMAL,INFEASIBLE,INFEASIBLE
AJUBA,INFEASIBLE,INFEASIBLE,INFEASIBLE,INFEASIBLE,INFEASIBLE,INFEASIBLE,INFEASIBLE,INFEASIBLE
AK1,OPTIMAL,OPTIMAL,OPTIMAL,OPTIMAL,OPTIMAL,INFEASIBLE,INFEASIBLE,INFEASIBLE
AK2,OPTIMAL,OPTIMAL,OPTIMAL,OPTIMAL,OPTIMAL,OPTIMAL,OPTIMAL,INFEASIBLE
AK3,OPTIMAL,OPTIMAL,OPTIMAL,OPTIMAL,OPTIMAL,OPTIMAL,OPTIMAL,INFEASIBLE
AK4,OPTIMAL,OPTIMAL,OPTIMAL,OPTIMAL,OPTIMAL,OPTIMAL,INFEASIBLE,INFEASIBLE
AK5,OPTIMAL,OPTIMAL,OPTIMAL,OPTIMAL,OPTIMAL,OPTIMAL,INFEASIBLE,INFEASIBLE
AK6,OPTIMAL,OPTIMAL,OPTIMAL,OPTIMAL,OPTIMAL,CUT_LIMIT,OPTIMAL,INFEASIBLE
AKAP1,OPTIMAL,OPTIMAL,OPTIMAL,OPTIMAL,OPTIMAL,OPTIMAL,OPTIMAL,INFEASIBLE
AKAP10,OPTIMAL,OPTIMAL,OPTIMAL,OPTIMAL,OPTIMAL,OPTIMAL,INFEASIBLE,INFEASIBLE
AKAP11,OPTIMAL,OPTIMAL,OPTIMAL,OPTIMAL,OPTIMAL,OPTIMAL,INFEASIBLE,INFEASIBLE
AKAP12,OPTIMAL,OPTIMAL,INFEASIBLE,OPTIMAL,INFEASIBLE,INFEASIBLE,INFEASIBLE,INFEASIBLE
AKAP13,OPTIMAL,OPTIMAL,OPTIMAL,OPTIMAL,OPTIMAL,OPTIMAL,OPTIMAL,INFEASIBLE
AKAP17A,OPTIMAL,OPTIMAL,OPTIMAL,OPTIMAL,OPTIMAL,OPTIMAL,OPTIMAL,INFEASIBLE
AKAP7,OPTIMAL,OPTIMAL,OPTIMAL,OPTIMAL,OPTIMAL,OPTIMAL,INFEASIBLE,INFEASIBLE
AKAP8,OPTIMAL,OPTIMAL,OPTIMAL,OPTIMAL,OPTIMAL,OPTIMAL,OPTIMAL,INFEASIBLE
AKAP8L,OPTIMAL,OPTIMAL,INFEASIBLE,OPTIMAL,INFEASIBLE,INFEASIBLE,INFEASIBLE,INFEASIBLE
AKAP9,OPTIMAL,OPTIMAL,OPTIMAL,OPTIMAL,OPTIMAL,OPTIMAL,INFEASIBLE,INFEASIBLE
AKIP1,OPTIMAL,OPTIMAL,INFEASIBLE,OPTIMAL,OPTIMAL,OPTIMAL,INFEASIBLE,INFEASIBLE
AKIRIN1,OPTIMAL,OPTIMAL,OPTIMAL,OPTIMAL,OPTIMAL,OPTIMAL,INFEASIBLE,INFEASIBLE
AKIRIN2,OPTIMAL,OPTIMAL,OPTIMAL,OPTIMAL,OPTIMAL,OPTIMAL,OPTIMAL,INFEASIBLE
AKNA,OPTIMAL,OPTIMAL,OPTIMAL,OPTIMAL,OPTIMAL,OPTIMAL,INFEASIBLE,INFEASIBLE
AKR1A1,OPTIMAL,OPTIMAL,OPTIMAL,OPTIMAL,OPTIMAL,OPTIMAL,OPTIMAL,INFEASIBLE
AKR1B1,OPTIMAL,OPTIMAL,OPTIMAL,OPTIMAL,OPTIMAL,OPTIMAL,OPTIMAL,OPTIMAL
AKR1C1,OPTIMAL,OPTIMAL,CUT_LIMIT,OPTIMAL,OPTIMAL,CUT_LIMIT,INFEASIBLE,INFEASIBLE
AKR1C2,OPTIMAL,OPTIMAL,OPTIMAL,OPTIMAL,OPTIMAL,OPTIMAL,OPTIMAL,INFEASIBLE
AKR1C3,OPTIMAL,INFEASIBLE,INFEASIBLE,OPTIMAL,INFEASIBLE,INFEASIBLE,INFEASIBLE,INFEASIBLE
AKR1E2,INFEASIBLE,INFEASIBLE,INFEASIBLE,INFEASIBLE,INFEASIBLE,INFEASIBLE,INFEASIBLE,INFEASIBLE
AKR7A2,OPTIMAL,OPTIMAL,OPTIMAL,OPTIMAL,OPTIMAL,OPTIMAL,OPTIMAL,OPTIMAL
AKT1,OPTIMAL,OPTIMAL,OPTIMAL,OPTIMAL,OPTIMAL,OPTIMAL,INFEASIBLE,INFEASIBLE
AKT1S1,OPTIMAL,OPTIMAL,OPTIMAL,OPTIMAL,OPTIMAL,OPTIMAL,INFEASIBLE,INFEASIBLE
AKT2,OPTIMAL,OPTIMAL,OPTIMAL,OPTIMAL,OPTIMAL,OPTIMAL,OPTIMAL,INFEASIBLE
AKT3,OPTIMAL,OPTIMAL,OPTIMAL,OPTIMAL,OPTIMAL,OPTIMAL,INFEASIBLE,INFEASIBLE
AKTIP,OPTIMAL,OPTIMAL,OPTIMAL,OPTIMAL,OPTIMAL,OPTIMAL,INFEASIBLE,INFEASIBLE
ALAD,OPTIMAL,OPTIMAL,OPTIMAL,OPTIMAL,OPTIMAL,OPTIMAL,INFEASIBLE,INFEASIBLE
ALAS1,OPTIMAL,OPTIMAL,OPTIMAL,OPTIMAL,INFEASIBLE,INFEASIBLE,INFEASIBLE,INFEASIBLE
ALCAM,OPTIMAL,OPTIMAL,OPTIMAL,OPTIMAL,OPTIMAL,OPTIMAL,OPTIMAL,INFEASIBLE
ALDH16A1,OPTIMAL,OPTIMAL,OPTIMAL,OPTIMAL,OPTIMAL,OPTIMAL,OPTIMAL,INFEASIBLE
ALDH18A1,OPTIMAL,OPTIMAL,OPTIMAL,OPTIMAL,OPTIMAL,OPTIMAL,INFEASIBLE,INFEASIBLE
ALDH1B1,OPTIMAL,OPTIMAL,INFEASIBLE,OPTIMAL,OPTIMAL,OPTIMAL,INFEASIBLE,INFEASIBLE
ALDH1L2,OPTIMAL,OPTIMAL,OPTIMAL,OPTIMAL,OPTIMAL,OPTIMAL,INFEASIBLE,INFEASIBLE
ALDH2,OPTIMAL,OPTIMAL,OPTIMAL,OPTIMAL,OPTIMAL,OPTIMAL,INFEASIBLE,INFEASIBLE
ALDH3A2,OPTIMAL,OPTIMAL,OPTIMAL,OPTIMAL,OPTIMAL,OPTIMAL,OPTIMAL,INFEASIBLE
ALDH3B1,OPTIMAL,INFEASIBLE,INFEASIBLE,OPTIMAL,OPTIMAL,OPTIMAL,INFEASIBLE,INFEASIBLE
ALDH6A1,OPTIMAL,OPTIMAL,OPTIMAL,OPTIMAL,OPTIMAL,OPTIMAL,INFEASIBLE,INFEASIBLE
ALDH7A1,OPTIMAL,INFEASIBLE,INFEASIBLE,OPTIMAL,OPTIMAL,OPTIMAL,INFEASIBLE,INFEASIBLE
ALDH9A1,OPTIMAL,INFEASIBLE,INFEASIBLE,OPTIMAL,INFEASIBLE,INFEASIBLE,INFEASIBLE,INFEASIBLE
ALDOA,OPTIMAL,OPTIMAL,OPTIMAL,OPTIMAL,OPTIMAL,OPTIMAL,OPTIMAL,INFEASIBLE
ALG1,OPTIMAL,INFEASIBLE,INFEASIBLE,INFEASIBLE,INFEASIBLE,INFEASIBLE,INFEASIBLE,INFEASIBLE
ALG11,OPTIMAL,OPTIMAL,OPTIMAL,OPTIMAL,OPTIMAL,OPTIMAL,OPTIMAL,INFEASIBLE
ALG13,OPTIMAL,OPTIMAL,OPTIMAL,OPTIMAL,OPTIMAL,OPTIMAL,INFEASIBLE,INFEASIBLE
ALG14,OPTIMAL,OPTIMAL,OPTIMAL,OPTIMAL,OPTIMAL,OPTIMAL,INFEASIBLE,INFEASIBLE
ALG2,OPTIMAL,OPTIMAL,OPTIMAL,OPTIMAL,OPTIMAL,OPTIMAL,INFEASIBLE,INFEASIBLE
ALG3,OPTIMAL,OPTIMAL,OPTIMAL,OPTIMAL,OPTIMAL,OPTIMAL,OPTIMAL,INFEASIBLE
ALG5,OPTIMAL,OPTIMAL,INFEASIBLE,OPTIMAL,OPTIMAL,INFEASIBLE,INFEASIBLE,INFEASIBLE
ALG6,OPTIMAL,OPTIMAL,OPTIMAL,OPTIMAL,OPTIMAL,OPTIMAL,INFEASIBLE,INFEASIBLE
ALG8,OPTIMAL,OPTIMAL,OPTIMAL,OPTIMAL,OPTIMAL,OPTIMAL,OPTIMAL,INFEASIBLE
ALG9,INFEASIBLE,INFEASIBLE,INFEASIBLE,INFEASIBLE,INFEASIBLE,INFEASIBLE,INFEASIBLE,INFEASIBLE
ALKBH1,OPTIMAL,OPTIMAL,INFEASIBLE,OPTIMAL,OPTIMAL,INFEASIBLE,INFEASIBLE,INFEASIBLE
ALKBH2,OPTIMAL,INFEASIBLE,INFEASIBLE,OPTIMAL,INFEASIBLE,INFEASIBLE,INFEASIBLE,INFEASIBLE
ALKBH3,OPTIMAL,OPTIMAL,OPTIMAL,OPTIMAL,OPTIMAL,OPTIMAL,INFEASIBLE,INFEASIBLE
ALKBH5,OPTIMAL,OPTIMAL,INFEASIBLE,OPTIMAL,OPTIMAL,INFEASIBLE,INFEASIBLE,INFEASIBLE
ALKBH7,OPTIMAL,INFEASIBLE,INFEASIBLE,OPTIMAL,OPTIMAL,OPTIMAL,INFEASIBLE,INFEASIBLE
ALKBH8,OPTIMAL,OPTIMAL,OPTIMAL,OPTIMAL,OPTIMAL,OPTIMAL,INFEASIBLE,INFEASIBLE
ALMS1,OPTIMAL,OPTIMAL,OPTIMAL,OPTIMAL,OPTIMAL,OPTIMAL,INFEASIBLE,INFEASIBLE
ALPK1,OPTIMAL,OPTIMAL,OPTIMAL,OPTIMAL,OPTIMAL,OPTIMAL,OPTIMAL,INFEASIBLE
ALPK2,OPTIMAL,OPTIMAL,OPTIMAL,OPTIMAL,OPTIMAL,OPTIMAL,INFEASIBLE,INFEASIBLE
ALS2,OPTIMAL,OPTIMAL,OPTIMAL,OPTIMAL,OPTIMAL,OPTIMAL,OPTIMAL,INFEASIBLE
ALYREF,OPTIMAL,OPTIMAL,OPTIMAL,OPTIMAL,OPTIMAL,OPTIMAL,INFEASIBLE,INFEASIBLE
AMBRA1,OPTIMAL,OPTIMAL,OPTIMAL,OPTIMAL,OPTIMAL,OPTIMAL,INFEASIBLE,INFEASIBLE
AMD1,OPTIMAL,OPTIMAL,OPTIMAL,OPTIMAL,OPTIMAL,OPTIMAL,OPTIMAL,INFEASIBLE
AMDHD2,OPTIMAL,OPTIMAL,OPTIMAL,OPTIMAL,OPTIMAL,OPTIMAL,INFEASIBLE,INFEASIBLE
AMFR,OPTIMAL,OPTIMAL,OPTIMAL,OPTIMAL,OPTIMAL,OPTIMAL,INFEASIBLE,INFEASIBLE
AMMECR1,OPTIMAL,OPTIMAL,OPTIMAL,OPTIMAL,OPTIMAL,OPTIMAL,INFEASIBLE,INFEASIBLE
AMMECR1L,OPTIMAL,OPTIMAL,OPTIMAL,OPTIMAL,OPTIMAL,OPTIMAL,INFEASIBLE,INFEASIBLE
AMOT,OPTIMAL,OPTIMAL,OPTIMAL,OPTIMAL,OPTIMAL,OPTIMAL,OPTIMAL,INFEASIBLE
AMOTL1,OPTIMAL,OPTIMAL,OPTIMAL,OPTIMAL,OPTIMAL,OPTIMAL,OPTIMAL,INFEASIBLE
AMOTL2,OPTIMAL,OPTIMAL,OPTIMAL,OPTIMAL,OPTIMAL,OPTIMAL,INFEASIBLE,INFEASIBLE
AMPD2,OPTIMAL,OPTIMAL,OPTIMAL,OPTIMAL,OPTIMAL,OPTIMAL,OPTIMAL,INFEASIBLE
AMPD3,OPTIMAL,OPTIMAL,OPTIMAL,OPTIMAL,OPTIMAL,OPTIMAL,INFEASIBLE,INFEASIBLE
AMZ2,OPTIMAL,OPTIMAL,OPTIMAL,OPTIMAL,OPTIMAL,OPTIMAL,INFEASIBLE,INFEASIBLE
ANAPC1,OPTIMAL,OPTIMAL,OPTIMAL,OPTIMAL,OPTIMAL,OPTIMAL,OPTIMAL,INFEASIBLE
ANAPC10,OPTIMAL,INFEASIBLE,INFEASIBLE,OPTIMAL,INFEASIBLE,INFEASIBLE,INFEASIBLE,INFEASIBLE
ANAPC11,OPTIMAL,OPTIMAL,INFEASIBLE,OPTIMAL,OPTIMAL,OPTIMAL,INFEASIBLE,INFEASIBLE
ANAPC13,OPTIMAL,OPTIMAL,OPTIMAL,OPTIMAL,OPTIMAL,OPTIMAL,OPTIMAL,INFEASIBLE
ANAPC15,OPTIMAL,OPTIMAL,OPTIMAL,OPTIMAL,OPTIMAL,OPTIMAL,OPTIMAL,INFEASIBLE
ANAPC16,OPTIMAL,OPTIMAL,OPTIMAL,OPTIMAL,OPTIMAL,OPTIMAL,INFEASIBLE,INFEASIBLE
ANAPC2,OPTIMAL,OPTIMAL,OPTIMAL,OPTIMAL,OPTIMAL,OPTIMAL,INFEASIBLE,INFEASIBLE
ANAPC4,OPTIMAL,OPTIMAL,OPTIMAL,OPTIMAL,OPTIMAL,OPTIMAL,INFEASIBLE,INFEASIBLE
ANAPC5,OPTIMAL,OPTIMAL,OPTIMAL,OPTIMAL,OPTIMAL,OPTIMAL,OPTIMAL,INFEASIBLE
ANAPC7,OPTIMAL,OPTIMAL,OPTIMAL,OPTIMAL,OPTIMAL,INFEASIBLE,INFEASIBLE,INFEASIBLE
ANGEL1,OPTIMAL,OPTIMAL,OPTIMAL,OPTIMAL,OPTIMAL,OPTIMAL,INFEASIBLE,INFEASIBLE
ANGEL2,OPTIMAL,OPTIMAL,OPTIMAL,OPTIMAL,OPTIMAL,OPTIMAL,INFEASIBLE,INFEASIBLE
ANGPTL4,OPTIMAL,OPTIMAL,INFEASIBLE,OPTIMAL,OPTIMAL,OPTIMAL,INFEASIBLE,INFEASIBLE
ANK2,OPTIMAL,OPTIMAL,OPTIMAL,OPTIMAL,OPTIMAL,OPTIMAL,INFEASIBLE,INFEASIBLE
ANKEF1,OPTIMAL,OPTIMAL,INFEASIBLE,OPTIMAL,OPTIMAL,INFEASIBLE,INFEASIBLE,INFEASIBLE
ANKFY1,OPTIMAL,OPTIMAL,OPTIMAL,OPTIMAL,OPTIMAL,OPTIMAL,OPTIMAL,INFEASIBLE
ANKH,OPTIMAL,OPTIMAL,OPTIMAL,OPTIMAL,OPTIMAL,OPTIMAL,INFEASIBLE,INFEASIBLE
ANKHD1,INFEASIBLE,INFEASIBLE,INFEASIBLE,INFEASIBLE,INFEASIBLE,INFEASIBLE,INFEASIBLE,INFEASIBLE
ANKIB1,OPTIMAL,OPTIMAL,OPTIMAL,OPTIMAL,OPTIMAL,OPTIMAL,INFEASIBLE,INFEASIBLE
ANKLE2,OPTIMAL,OPTIMAL,OPTIMAL,OPTIMAL,OPTIMAL,OPTIMAL,OPTIMAL,INFEASIBLE
ANKMY2,OPTIMAL,OPTIMAL,OPTIMAL,OPTIMAL,OPTIMAL,OPTIMAL,INFEASIBLE,INFEASIBLE
ANKRD1,OPTIMAL,OPTIMAL,OPTIMAL,OPTIMAL,OPTIMAL,OPTIMAL,INFEASIBLE,INFEASIBLE
ANKRD10,OPTIMAL,OPTIMAL,OPTIMAL,OPTIMAL,OPTIMAL,OPTIMAL,INFEASIBLE,INFEASIBLE
ANKRD11,OPTIMAL,OPTIMAL,OPTIMAL,OPTIMAL,OPTIMAL,OPTIMAL,INFEASIBLE,INFEASIBLE
ANKRD12,OPTIMAL,OPTIMAL,OPTIMAL,OPTIMAL,OPTIMAL,OPTIMAL,OPTIMAL,INFEASIBLE
ANKRD13A,OPTIMAL,INFEASIBLE,INFEASIBLE,OPTIMAL,OPTIMAL,OPTIMAL,INFEASIBLE,INFEASIBLE
ANKRD13C,OPTIMAL,OPTIMAL,OPTIMAL,OPTIMAL,OPTIMAL,OPTIMAL,OPTIMAL,INFEASIBLE
ANKRD13D,OPTIMAL,OPTIMAL,OPTIMAL,OPTIMAL,OPTIMAL,OPTIMAL,OPTIMAL,INFEASIBLE
ANKRD16,OPTIMAL,OPTIMAL,OPTIMAL,OPTIMAL,OPTIMAL,OPTIMAL,OPTIMAL,INFEASIBLE
ANKRD17,OPTIMAL,OPTIMAL,OPTIMAL,OPTIMAL,OPTIMAL,OPTIMAL,INFEASIBLE,INFEASIBLE
ANKRD2,OPTIMAL,OPTIMAL,INFEASIBLE,OPTIMAL,OPTIMAL,OPTIMAL,INFEASIBLE,INFEASIBLE
ANKRD26,OPTIMAL,OPTIMAL,OPTIMAL,OPTIMAL,OPTIMAL,OPTIMAL,OPTIMAL,INFEASIBLE
ANKRD27,OPTIMAL,OPTIMAL,INFEASIBLE,OPTIMAL,OPTIMAL,INFEASIBLE,INFEASIBLE,INFEASIBLE
ANKRD28,OPTIMAL,OPTIMAL,OPTIMAL,OPTIMAL,OPTIMAL,OPTIMAL,INFEASIBLE,INFEASIBLE
ANKRD34A,OPTIMAL,OPTIMAL,OPTIMAL,OPTIMAL,OPTIMAL,OPTIMAL,OPTIMAL,INFEASIBLE
ANKRD35,OPTIMAL,INFEASIBLE,INFEASIBLE,OPTIMAL,INFEASIBLE,INFEASIBLE,INFEASIBLE,INFEASIBLE
ANKRD36,OPTIMAL,OPTIMAL,OPTIMAL,OPTIMAL,OPTIMAL,OPTIMAL,INFEASIBLE,INFEASIBLE
ANKRD36B,OPTIMAL,OPTIMAL,OPTIMAL,OPTIMAL,OPTIMAL,OPTIMAL,INFEASIBLE,INFEASIBLE
ANKRD36C,OPTIMAL,OPTIMAL,OPTIMAL,OPTIMAL,OPTIMAL,OPTIMAL,INFEASIBLE,INFEASIBLE
ANKRD37,OPTIMAL,OPTIMAL,OPTIMAL,OPTIMAL,OPTIMAL,OPTIMAL,OPTIMAL,INFEASIBLE
ANKRD39,OPTIMAL,OPTIMAL,OPTIMAL,OPTIMAL,OPTIMAL,OPTIMAL,INFEASIBLE,INFEASIBLE
ANKRD40,OPTIMAL,OPTIMAL,OPTIMAL,OPTIMAL,OPTIMAL,OPTIMAL,OPTIMAL,INFEASIBLE
ANKRD42,OPTIMAL,OPTIMAL,INFEASIBLE,OPTIMAL,OPTIMAL,OPTIMAL,INFEASIBLE,INFEASIBLE
ANKRD46,OPTIMAL,OPTIMAL,OPTIMAL,OPTIMAL,OPTIMAL,OPTIMAL,INFEASIBLE,INFEASIBLE
ANKRD49,OPTIMAL,OPTIMAL,OPTIMAL,OPTIMAL,OPTIMAL,INFEASIBLE,INFEASIBLE,INFEASIBLE
ANKRD50,OPTIMAL,OPTIMAL,OPTIMAL,OPTIMAL,OPTIMAL,OPTIMAL,OPTIMAL,INFEASIBLE
ANKRD52,OPTIMAL,OPTIMAL,OPTIMAL,OPTIMAL,OPTIMAL,OPTIMAL,INFEASIBLE,INFEASIBLE
ANKRD54,OPTIMAL,OPTIMAL,INFEASIBLE,OPTIMAL,OPTIMAL,OPTIMAL,INFEASIBLE,INFEASIBLE
ANKRD9,OPTIMAL,INFEASIBLE,INFEASIBLE,OPTIMAL,INFEASIBLE,INFEASIBLE,INFEASIBLE,INFEASIBLE
ANKS1A,INFEASIBLE,INFEASIBLE,INFEASIBLE,INFEASIBLE,INFEASIBLE,INFEASIBLE,INFEASIBLE,INFEASIBLE
ANKS3,OPTIMAL,OPTIMAL,OPTIMAL,OPTIMAL,OPTIMAL,OPTIMAL,INFEASIBLE,INFEASIBLE
ANKS6,OPTIMAL,OPTIMAL,OPTIMAL,OPTIMAL,OPTIMAL,INFEASIBLE,INFEASIBLE,INFEASIBLE
ANKZF1,OPTIMAL,OPTIMAL,OPTIMAL,OPTIMAL,OPTIMAL,OPTIMAL,OPTIMAL,INFEASIBLE
ANLN,OPTIMAL,OPTIMAL,OPTIMAL,OPTIMAL,OPTIMAL,OPTIMAL,INFEASIBLE,INFEASIBLE
ANO10,OPTIMAL,INFEASIBLE,INFEASIBLE,OPTIMAL,OPTIMAL,OPTIMAL,INFEASIBLE,INFEASIBLE
ANO3,OPTIMAL,OPTIMAL,INFEASIBLE,OPTIMAL,OPTIMAL,INFEASIBLE,INFEASIBLE,INFEASIBLE
ANO6,OPTIMAL,OPTIMAL,INFEASIBLE,OPTIMAL,OPTIMAL,OPTIMAL,INFEASIBLE,INFEASIBLE
ANP32A,OPTIMAL,OPTIMAL,OPTIMAL,OPTIMAL,OPTIMAL,OPTIMAL,INFEASIBLE,INFEASIBLE
ANP32B,OPTIMAL,OPTIMAL,OPTIMAL,OPTIMAL,OPTIMAL,OPTIMAL,INFEASIBLE,INFEASIBLE
ANP32E,OPTIMAL,OPTIMAL,OPTIMAL,OPTIMAL,OPTIMAL,OPTIMAL,INFEASIBLE,INFEASIBLE
ANPEP,OPTIMAL,OPTIMAL,OPTIMAL,OPTIMAL,OPTIMAL,OPTIMAL,OPTIMAL,INFEASIBLE
ANTXR1,OPTIMAL,OPTIMAL,OPTIMAL,OPTIMAL,OPTIMAL,OPTIMAL,INFEASIBLE,INFEASIBLE
ANTXR2,OPTIMAL,OPTIMAL,OPTIMAL,OPTIMAL,OPTIMAL,OPTIMAL,INFEASIBLE,INFEASIBLE
ANXA1,OPTIMAL,OPTIMAL,OPTIMAL,OPTIMAL,OPTIMAL,OPTIMAL,OPTIMAL,INFEASIBLE
ANXA11,OPTIMAL,OPTIMAL,OPTIMAL,OPTIMAL,OPTIMAL,OPTIMAL,OPTIMAL,INFEASIBLE
ANXA2,OPTIMAL,OPTIMAL,INFEASIBLE,OPTIMAL,OPTIMAL,CUT_LIMIT,INFEASIBLE,INFEASIBLE
ANXA2R,OPTIMAL,INFEASIBLE,INFEASIBLE,OPTIMAL,OPTIMAL,OPTIMAL,INFEASIBLE,INFEASIBLE
ANXA3,OPTIMAL,INFEASIBLE,INFEASIBLE,OPTIMAL,INFEASIBLE,INFEASIBLE,INFEASIBLE,INFEASIBLE
ANXA4,OPTIMAL,OPTIMAL,OPTIMAL,OPTIMAL,OPTIMAL,OPTIMAL,OPTIMAL,INFEASIBLE
ANXA5,OPTIMAL,OPTIMAL,INFEASIBLE,OPTIMAL,OPTIMAL,OPTIMAL,INFEASIBLE,INFEASIBLE
ANXA6,OPTIMAL,OPTIMAL,OPTIMAL,OPTIMAL,OPTIMAL,OPTIMAL,INFEASIBLE,INFEASIBLE
ANXA7,OPTIMAL,OPTIMAL,OPTIMAL,OPTIMAL,OPTIMAL,OPTIMAL,OPTIMAL,INFEASIBLE
AOX1,OPTIMAL,OPTIMAL,OPTIMAL,OPTIMAL,OPTIMAL,OPTIMAL,OPTIMAL,INFEASIBLE
AP1AR,OPTIMAL,OPTIMAL,INFEASIBLE,OPTIMAL,INFEASIBLE,INFEASIBLE,INFEASIBLE,INFEASIBLE
AP1B1,OPTIMAL,INFEASIBLE,INFEASIBLE,OPTIMAL,INFEASIBLE,INFEASIBLE,INFEASIBLE,INFEASIBLE
AP1G1,OPTIMAL,OPTIMAL,OPTIMAL,OPTIMAL,OPTIMAL,OPTIMAL,OPTIMAL,INFEASIBLE
AP1M1,OPTIMAL,OPTIMAL,OPTIMAL,OPTIMAL,OPTIMAL,INFEASIBLE,INFEASIBLE,INFEASIBLE
AP1S1,OPTIMAL,OPTIMAL,OPTIMAL,OPTIMAL,OPTIMAL,OPTIMAL,OPTIMAL,INFEASIBLE
AP1S2,OPTIMAL,INFEASIBLE,INFEASIBLE,OPTIMAL,OPTIMAL,OPTIMAL,INFEASIBLE,INFEASIBLE
AP2A1,OPTIMAL,OPTIMAL,OPTIMAL,OPTIMAL,OPTIMAL,OPTIMAL,OPTIMAL,INFEASIBLE
AP2A2,OPTIMAL,OPTIMAL,OPTIMAL,OPTIMAL,OPTIMAL,OPTIMAL,OPTIMAL,INFEASIBLE
AP2B1,OPTIMAL,OPTIMAL,OPTIMAL,OPTIMAL,OPTIMAL,OPTIMAL,OPTIMAL,INFEASIBLE
AP2M1,OPTIMAL,OPTIMAL,OPTIMAL,OPTIMAL,OPTIMAL,OPTIMAL,INFEASIBLE,INFEASIBLE
AP2S1,OPTIMAL,OPTIMAL,OPTIMAL,OPTIMAL,OPTIMAL,OPTIMAL,OPTIMAL,OPTIMAL
AP3B1,OPTIMAL,OPTIMAL,OPTIMAL,OPTIMAL,OPTIMAL,OPTIMAL,INFEASIBLE,INFEASIBLE
AP3D1,OPTIMAL,INFEASIBLE,INFEASIBLE,OPTIMAL,OPTIMAL,OPTIMAL,INFEASIBLE,INFEASIBLE
AP3M1,OPTIMAL,OPTIMAL,OPTIMAL,OPTIMAL,OPTIMAL,OPTIMAL,OPTIMAL,INFEASIBLE
AP3M2,OPTIMAL,OPTIMAL,OPTIMAL,OPTIMAL,OPTIMAL,OPTIMAL,OPTIMAL,INFEASIBLE
AP3S1,OPTIMAL,OPTIMAL,OPTIMAL,OPTIMAL,OPTIMAL,OPTIMAL,INFEASIBLE,INFEASIBLE
AP3S2,OPTIMAL,INFEASIBLE,INFEASIBLE,OPTIMAL,INFEASIBLE,INFEASIBLE,INFEASIBLE,INFEASIBLE
AP4B1,OPTIMAL,OPTIMAL,OPTIMAL,OPTIMAL,OPTIMAL,OPTIMAL,INFEASIBLE,INFEASIBLE
AP4E1,OPTIMAL,OPTIMAL,INFEASIBLE,OPTIMAL,OPTIMAL,INFEASIBLE,INFEASIBLE,INFEASIBLE
AP4M1,OPTIMAL,OPTIMAL,OPTIMAL,OPTIMAL,OPTIMAL,OPTIMAL,OPTIMAL,INFEASIBLE
AP5B1,OPTIMAL,OPTIMAL,OPTIMAL,OPTIMAL,OPTIMAL,OPTIMAL,INFEASIBLE,INFEASIBLE
AP5M1,OPTIMAL,OPTIMAL,OPTIMAL,OPTIMAL,OPTIMAL,OPTIMAL,INFEASIBLE,INFEASIBLE
AP5S1,OPTIMAL,OPTIMAL,INFEASIBLE,OPTIMAL,OPTIMAL,INFEASIBLE,INFEASIBLE,INFEASIBLE
AP5Z1,OPTIMAL,OPTIMAL,OPTIMAL,OPTIMAL,OPTIMAL,OPTIMAL,INFEASIBLE,INFEASIBLE
APAF1,OPTIMAL,OPTIMAL,OPTIMAL,OPTIMAL,OPTIMAL,OPTIMAL,INFEASIBLE,INFEASIBLE
APBA1,OPTIMAL,INFEASIBLE,INFEASIBLE,OPTIMAL,INFEASIBLE,INFEASIBLE,INFEASIBLE,INFEASIBLE
APBA3,OPTIMAL,OPTIMAL,OPTIMAL,OPTIMAL,OPTIMAL,OPTIMAL,INFEASIBLE,INFEASIBLE
APBB1,OPTIMAL,OPTIMAL,OPTIMAL,OPTIMAL,OPTIMAL,OPTIMAL,OPTIMAL,INFEASIBLE
APBB2,OPTIMAL,OPTIMAL,OPTIMAL,OPTIMAL,OPTIMAL,OPTIMAL,INFEASIBLE,INFEASIBLE
APC,OPTIMAL,OPTIMAL,INFEASIBLE,OPTIMAL,OPTIMAL,OPTIMAL,INFEASIBLE,INFEASIBLE
APCDD1,OPTIMAL,OPTIMAL,OPTIMAL,OPTIMAL,OPTIMAL,OPTIMAL,OPTIMAL,INFEASIBLE
APEH,OPTIMAL,OPTIMAL,INFEASIBLE,OPTIMAL,OPTIMAL,OPTIMAL,INFEASIBLE,INFEASIBLE
APEX1,OPTIMAL,OPTIMAL,OPTIMAL,OPTIMAL,OPTIMAL,OPTIMAL,INFEASIBLE,INFEASIBLE
APEX2,OPTIMAL,INFEASIBLE,INFEASIBLE,OPTIMAL,INFEASIBLE,INFEASIBLE,INFEASIBLE,INFEASIBLE
APH1A,OPTIMAL,OPTIMAL,OPTIMAL,OPTIMAL,OPTIMAL,OPTIMAL,INFEASIBLE,INFEASIBLE
APH1B,OPTIMAL,OPTIMAL,INFEASIBLE,OPTIMAL,INFEASIBLE,INFEASIBLE,INFEASIBLE,INFEASIBLE
API5,OPTIMAL,OPTIMAL,OPTIMAL,OPTIMAL,OPTIMAL,OPTIMAL,OPTIMAL,INFEASIBLE
APIP,OPTIMAL,OPTIMAL,OPTIMAL,OPTIMAL,OPTIMAL,OPTIMAL,OPTIMAL,INFEASIBLE
APLP2,OPTIMAL,OPTIMAL,OPTIMAL,OPTIMAL,OPTIMAL,OPTIMAL,INFEASIBLE,INFEASIBLE
APMAP,OPTIMAL,OPTIMAL,OPTIMAL,OPTIMAL,OPTIMAL,OPTIMAL,OPTIMAL,INFEASIBLE
APOBEC3A,OPTIMAL,OPTIMAL,INFEASIBLE,OPTIMAL,INFEASIBLE,INFEASIBLE,INFEASIBLE,INFEASIBLE
APOBEC3B,OPTIMAL,OPTIMAL,OPTIMAL,OPTIMAL,OPTIMAL,OPTIMAL,OPTIMAL,INFEASIBLE
APOBEC3C,OPTIMAL,OPTIMAL,OPTIMAL,OPTIMAL,OPTIMAL,INFEASIBLE,INFEASIBLE,INFEASIBLE
APOBEC3D,OPTIMAL,INFEASIBLE,INFEASIBLE,INFEASIBLE,INFEASIBLE,INFEASIBLE,INFEASIBLE,INFEASIBLE
APOBEC3G,OPTIMAL,INFEASIBLE,INFEASIBLE,OPTIMAL,INFEASIBLE,INFEASIBLE,INFEASIBLE,INFEASIBLE
APOD,OPTIMAL,OPTIMAL,OPTIMAL,OPTIMAL,OPTIMAL,OPTIMAL,INFEASIBLE,INFEASIBLE
APOL2,OPTIMAL,OPTIMAL,OPTIMAL,OPTIMAL,OPTIMAL,OPTIMAL,INFEASIBLE,INFEASIBLE
APOL6,OPTIMAL,OPTIMAL,OPTIMAL,OPTIMAL,OPTIMAL,OPTIMAL,OPTIMAL,INFEASIBLE
APOLD1,OPTIMAL,INFEASIBLE,INFEASIBLE,OPTIMAL,OPTIMAL,OPTIMAL,INFEASIBLE,INFEASIBLE
APOO,OPTIMAL,OPTIMAL,INFEASIBLE,OPTIMAL,OPTIMAL,INFEASIBLE,INFEASIBLE,INFEASIBLE
APOOL,OPTIMAL,OPTIMAL,OPTIMAL,OPTIMAL,OPTIMAL,OPTIMAL,INFEASIBLE,INFEASIBLE
APP,OPTIMAL,OPTIMAL,OPTIMAL,OPTIMAL,OPTIMAL,OPTIMAL,INFEASIBLE,INFEASIBLE
APPBP2,OPTIMAL,OPTIMAL,OPTIMAL,OPTIMAL,OPTIMAL,OPTIMAL,INFEASIBLE,INFEASIBLE
APPL1,OPTIMAL,OPTIMAL,OPTIMAL,OPTIMAL,OPTIMAL,OPTIMAL,INFEASIBLE,INFEASIBLE
APPL2,OPTIMAL,OPTIMAL,OPTIMAL,OPTIMAL,OPTIMAL,OPTIMAL,INFEASIBLE,INFEASIBLE
APRT,OPTIMAL,OPTIMAL,OPTIMAL,OPTIMAL,OPTIMAL,OPTIMAL,INFEASIBLE,INFEASIBLE
APTX,OPTIMAL,OPTIMAL,OPTIMAL,OPTIMAL,OPTIMAL,OPTIMAL,INFEASIBLE,INFEASIBLE
AQP1,OPTIMAL,OPTIMAL,OPTIMAL,OPTIMAL,OPTIMAL,OPTIMAL,INFEASIBLE,INFEASIBLE
AQR,OPTIMAL,OPTIMAL,OPTIMAL,OPTIMAL,OPTIMAL,OPTIMAL,OPTIMAL,INFEASIBLE
AR,OPTIMAL,OPTIMAL,INFEASIBLE,OPTIMAL,INFEASIBLE,INFEASIBLE,INFEASIBLE,INFEASIBLE
ARAF,OPTIMAL,OPTIMAL,OPTIMAL,OPTIMAL,OPTIMAL,OPTIMAL,INFEASIBLE,INFEASIBLE
ARAP1,INFEASIBLE,INFEASIBLE,INFEASIBLE,INFEASIBLE,INFEASIBLE,INFEASIBLE,INFEASIBLE,INFEASIBLE
ARAP3,INFEASIBLE,INFEASIBLE,INFEASIBLE,OPTIMAL,INFEASIBLE,INFEASIBLE,INFEASIBLE,INFEASIBLE
ARCN1,OPTIMAL,OPTIMAL,OPTIMAL,OPTIMAL,OPTIMAL,OPTIMAL,OPTIMAL,INFEASIBLE
AREL1,OPTIMAL,OPTIMAL,OPTIMAL,OPTIMAL,OPTIMAL,OPTIMAL,INFEASIBLE,INFEASIBLE
ARF1,OPTIMAL,OPTIMAL,OPTIMAL,OPTIMAL,OPTIMAL,OPTIMAL,INFEASIBLE,INFEASIBLE
ARF3,OPTIMAL,OPTIMAL,INFEASIBLE,OPTIMAL,OPTIMAL,OPTIMAL,INFEASIBLE,INFEASIBLE
ARF4,OPTIMAL,OPTIMAL,OPTIMAL,OPTIMAL,OPTIMAL,OPTIMAL,INFEASIBLE,INFEASIBLE
ARF5,OPTIMAL,OPTIMAL,OPTIMAL,OPTIMAL,OPTIMAL,CUT_LIMIT,INFEASIBLE,INFEASIBLE
ARF6,OPTIMAL,OPTIMAL,OPTIMAL,OPTIMAL,OPTIMAL,OPTIMAL,OPTIMAL,INFEASIBLE
ARFGAP1,OPTIMAL,OPTIMAL,OPTIMAL,OPTIMAL,OPTIMAL,OPTIMAL,INFEASIBLE,INFEASIBLE
ARFGAP2,OPTIMAL,OPTIMAL,INFEASIBLE,OPTIMAL,OPTIMAL,OPTIMAL,INFEASIBLE,INFEASIBLE
ARFGAP3,OPTIMAL,OPTIMAL,OPTIMAL,OPTIMAL,OPTIMAL,OPTIMAL,INFEASIBLE,INFEASIBLE
ARFGEF1,OPTIMAL,OPTIMAL,OPTIMAL,OPTIMAL,OPTIMAL,CUT_LIMIT,OPTIMAL,OPTIMAL
ARFGEF2,OPTIMAL,OPTIMAL,OPTIMAL,OPTIMAL,OPTIMAL,OPTIMAL,INFEASIBLE,INFEASIBLE
ARFIP1,OPTIMAL,OPTIMAL,OPTIMAL,OPTIMAL,OPTIMAL,OPTIMAL,OPTIMAL,INFEASIBLE
ARFIP2,OPTIMAL,OPTIMAL,OPTIMAL,OPTIMAL,OPTIMAL,OPTIMAL,INFEASIBLE,INFEASIBLE
ARFRP1,OPTIMAL,INFEASIBLE,INFEASIBLE,OPTIMAL,INFEASIBLE,INFEASIBLE,INFEASIBLE,INFEASIBLE
ARGLU1,OPTIMAL,OPTIMAL,INFEASIBLE,OPTIMAL,OPTIMAL,OPTIMAL,INFEASIBLE,INFEASIBLE
ARHGAP1,OPTIMAL,OPTIMAL,INFEASIBLE,OPTIMAL,OPTIMAL,OPTIMAL,INFEASIBLE,INFEASIBLE
ARHGAP10,OPTIMAL,OPTIMAL,OPTIMAL,OPTIMAL,OPTIMAL,OPTIMAL,INFEASIBLE,INFEASIBLE
ARHGAP11A,OPTIMAL,OPTIMAL,OPTIMAL,OPTIMAL,OPTIMAL,OPTIMAL,INFEASIBLE,INFEASIBLE
ARHGAP11B,OPTIMAL,INFEASIBLE,INFEASIBLE,OPTIMAL,INFEASIBLE,INFEASIBLE,INFEASIBLE,INFEASIBLE
ARHGAP12,OPTIMAL,OPTIMAL,OPTIMAL,OPTIMAL,OPTIMAL,OPTIMAL,OPTIMAL,INFEASIBLE
ARHGAP17,OPTIMAL,OPTIMAL,OPTIMAL,OPTIMAL,OPTIMAL,OPTIMAL,INFEASIBLE,INFEASIBLE
ARHGAP18,OPTIMAL,OPTIMAL,OPTIMAL,OPTIMAL,OPTIMAL,OPTIMAL,INFEASIBLE,INFEASIBLE
ARHGAP19,OPTIMAL,OPTIMAL,OPTIMAL,OPTIMAL,OPTIMAL,OPTIMAL,INFEASIBLE,INFEASIBLE
ARHGAP21,OPTIMAL,OPTIMAL,OPTIMAL,OPTIMAL,OPTIMAL,OPTIMAL,OPTIMAL,INFEASIBLE
ARHGAP22,OPTIMAL,OPTIMAL,OPTIMAL,OPTIMAL,OPTIMAL,OPTIMAL,INFEASIBLE,INFEASIBLE
ARHGAP23,OPTIMAL,OPTIMAL,OPTIMAL,OPTIMAL,OPTIMAL,OPTIMAL,INFEASIBLE,INFEASIBLE
ARHGAP24,OPTIMAL,OPTIMAL,OPTIMAL,OPTIMAL,OPTIMAL,OPTIMAL,INFEASIBLE,INFEASIBLE
ARHGAP29,OPTIMAL,OPTIMAL,OPTIMAL,OPTIMAL,OPTIMAL,OPTIMAL,INFEASIBLE,INFEASIBLE
ARHGAP31,OPTIMAL,OPTIMAL,OPTIMAL,OPTIMAL,OPTIMAL,OPTIMAL,OPTIMAL,INFEASIBLE
ARHGAP32,INFEASIBLE,INFEASIBLE,INFEASIBLE,INFEASIBLE,INFEASIBLE,INFEASIBLE,INFEASIBLE,INFEASIBLE
ARHGAP35,OPTIMAL,OPTIMAL,OPTIMAL,OPTIMAL,OPTIMAL,OPTIMAL,INFEASIBLE,INFEASIBLE
ARHGAP5,OPTIMAL,OPTIMAL,OPTIMAL,OPTIMAL,OPTIMAL,OPTIMAL,OPTIMAL,INFEASIBLE
ARHGAP6,OPTIMAL,OPTIMAL,OPTIMAL,OPTIMAL,OPTIMAL,OPTIMAL,INFEASIBLE,INFEASIBLE
ARHGDIA,OPTIMAL,OPTIMAL,OPTIMAL,OPTIMAL,OPTIMAL,OPTIMAL,INFEASIBLE,INFEASIBLE
ARHGEF1,OPTIMAL,OPTIMAL,OPTIMAL,OPTIMAL,OPTIMAL,OPTIMAL,OPTIMAL,INFEASIBLE
ARHGEF10,OPTIMAL,OPTIMAL,OPTIMAL,OPTIMAL,OPTIMAL,OPTIMAL,INFEASIBLE,INFEASIBLE
ARHGEF10L,OPTIMAL,OPTIMAL,OPTIMAL,OPTIMAL,OPTIMAL,OPTIMAL,OPTIMAL,INFEASIBLE
ARHGEF11,OPTIMAL,OPTIMAL,INFEASIBLE,OPTIMAL,OPTIMAL,OPTIMAL,INFEASIBLE,INFEASIBLE
ARHGEF12,OPTIMAL,OPTIMAL,OPTIMAL,OPTIMAL,OPTIMAL,OPTIMAL,OPTIMAL,INFEASIBLE
ARHGEF17,OPTIMAL,OPTIMAL,OPTIMAL,OPTIMAL,OPTIMAL,OPTIMAL,INFEASIBLE,INFEASIBLE
ARHGEF19,INFEASIBLE,INFEASIBLE,INFEASIBLE,INFEASIBLE,INFEASIBLE,INFEASIBLE,INFEASIBLE,INFEASIBLE
ARHGEF2,OPTIMAL,OPTIMAL,OPTIMAL,OPTIMAL,OPTIMAL,OPTIMAL,OPTIMAL,INFEASIBLE
ARHGEF26,OPTIMAL,OPTIMAL,OPTIMAL,OPTIMAL,OPTIMAL,OPTIMAL,INFEASIBLE,INFEASIBLE
ARHGEF28,OPTIMAL,OPTIMAL,OPTIMAL,OPTIMAL,OPTIMAL,OPTIMAL,INFEASIBLE,INFEASIBLE
ARHGEF39,OPTIMAL,INFEASIBLE,INFEASIBLE,OPTIMAL,OPTIMAL,OPTIMAL,INFEASIBLE,INFEASIBLE
ARHGEF40,OPTIMAL,OPTIMAL,OPTIMAL,OPTIMAL,OPTIMAL,OPTIMAL,INFEASIBLE,INFEASIBLE
ARHGEF5,OPTIMAL,OPTIMAL,OPTIMAL,OPTIMAL,OPTIMAL,OPTIMAL,OPTIMAL,INFEASIBLE
ARHGEF6,OPTIMAL,OPTIMAL,OPTIMAL,OPTIMAL,OPTIMAL,OPTIMAL,INFEASIBLE,INFEASIBLE
ARHGEF7,OPTIMAL,INFEASIBLE,INFEASIBLE,OPTIMAL,OPTIMAL,OPTIMAL,INFEASIBLE,INFEASIBLE
ARHGEF9,OPTIMAL,INFEASIBLE,INFEASIBLE,OPTIMAL,INFEASIBLE,INFEASIBLE,INFEASIBLE,INFEASIBLE
ARID1A,OPTIMAL,OPTIMAL,OPTIMAL,OPTIMAL,OPTIMAL,CUT_LIMIT,OPTIMAL,INFEASIBLE
ARID1B,OPTIMAL,INFEASIBLE,INFEASIBLE,OPTIMAL,INFEASIBLE,INFEASIBLE,INFEASIBLE,INFEASIBLE
ARID2,OPTIMAL,OPTIMAL,INFEASIBLE,OPTIMAL,OPTIMAL,INFEASIBLE,INFEASIBLE,INFEASIBLE
ARID3A,OPTIMAL,OPTIMAL,INFEASIBLE,OPTIMAL,OPTIMAL,OPTIMAL,INFEASIBLE,INFEASIBLE
ARID4A,OPTIMAL,INFEASIBLE,INFEASIBLE,OPTIMAL,INFEASIBLE,INFEASIBLE,INFEASIBLE,INFEASIBLE
ARID4B,OPTIMAL,OPTIMAL,OPTIMAL,OPTIMAL,OPTIMAL,OPTIMAL,OPTIMAL,INFEASIBLE
ARID5B,OPTIMAL,OPTIMAL,OPTIMAL,OPTIMAL,OPTIMAL,OPTIMAL,INFEASIBLE,INFEASIBLE
ARIH1,OPTIMAL,OPTIMAL,OPTIMAL,OPTIMAL,OPTIMAL,OPTIMAL,OPTIMAL,INFEASIBLE
ARIH2,OPTIMAL,OPTIMAL,OPTIMAL,OPTIMAL,OPTIMAL,OPTIMAL,OPTIMAL,INFEASIBLE
ARL1,OPTIMAL,OPTIMAL,INFEASIBLE,OPTIMAL,OPTIMAL,INFEASIBLE,INFEASIBLE,INFEASIBLE
ARL10,OPTIMAL,OPTIMAL,INFEASIBLE,OPTIMAL,INFEASIBLE,INFEASIBLE,INFEASIBLE,INFEASIBLE
ARL13B,OPTIMAL,OPTIMAL,OPTIMAL,OPTIMAL,OPTIMAL,OPTIMAL,OPTIMAL,INFEASIBLE
ARL14EP,OPTIMAL,OPTIMAL,OPTIMAL,OPTIMAL,OPTIMAL,OPTIMAL,OPTIMAL,INFEASIBLE
ARL16,OPTIMAL,OPTIMAL,OPTIMAL,OPTIMAL,OPTIMAL,OPTIMAL,OPTIMAL,INFEASIBLE
ARL2,OPTIMAL,OPTIMAL,INFEASIBLE,OPTIMAL,OPTIMAL,OPTIMAL,INFEASIBLE,INFEASIBLE
ARL3,OPTIMAL,OPTIMAL,OPTIMAL,OPTIMAL,OPTIMAL,OPTIMAL,INFEASIBLE,INFEASIBLE
ARL4A,OPTIMAL,OPTIMAL,OPTIMAL,OPTIMAL,OPTIMAL,OPTIMAL,INFEASIBLE,INFEASIBLE
ARL4C,OPTIMAL,INFEASIBLE,INFEASIBLE,OPTIMAL,INFEASIBLE,INFEASIBLE,INFEASIBLE,INFEASIBLE
ARL4D,INFEASIBLE,INFEASIBLE,INFEASIBLE,INFEASIBLE,INFEASIBLE,INFEASIBLE,INFEASIBLE,INFEASIBLE
ARL5A,OPTIMAL,OPTIMAL,INFEASIBLE,OPTIMAL,OPTIMAL,INFEASIBLE,INFEASIBLE,INFEASIBLE
ARL5B,OPTIMAL,OPTIMAL,OPTIMAL,OPTIMAL,OPTIMAL,OPTIMAL,INFEASIBLE,INFEASIBLE
ARL6,OPTIMAL,OPTIMAL,OPTIMAL,OPTIMAL,OPTIMAL,OPTIMAL,INFEASIBLE,INFEASIBLE
ARL6IP1,OPTIMAL,OPTIMAL,OPTIMAL,OPTIMAL,OPTIMAL,OPTIMAL,OPTIMAL,INFEASIBLE
ARL6IP5,OPTIMAL,OPTIMAL,OPTIMAL,OPTIMAL,OPTIMAL,OPTIMAL,INFEASIBLE,INFEASIBLE
ARL6IP6,OPTIMAL,OPTIMAL,INFEASIBLE,OPTIMAL,INFEASIBLE,INFEASIBLE,INFEASIBLE,INFEASIBLE
ARL8A,OPTIMAL,OPTIMAL,INFEASIBLE,OPTIMAL,INFEASIBLE,INFEASIBLE,INFEASIBLE,INFEASIBLE
ARL8B,OPTIMAL,OPTIMAL,INFEASIBLE,OPTIMAL,OPTIMAL,OPTIMAL,INFEASIBLE,INFEASIBLE
ARMC1,OPTIMAL,OPTIMAL,OPTIMAL,OPTIMAL,OPTIMAL,OPTIMAL,INFEASIBLE,INFEASIBLE
ARMC10,OPTIMAL,OPTIMAL,OPTIMAL,OPTIMAL,OPTIMAL,OPTIMAL,INFEASIBLE,INFEASIBLE
ARMC5,OPTIMAL,OPTIMAL,INFEASIBLE,OPTIMAL,OPTIMAL,INFEASIBLE,INFEASIBLE,INFEASIBLE
ARMC6,OPTIMAL,OPTIMAL,OPTIMAL,OPTIMAL,OPTIMAL,OPTIMAL,OPTIMAL,INFEASIBLE
ARMC7,OPTIMAL,OPTIMAL,OPTIMAL,OPTIMAL,OPTIMAL,OPTIMAL,OPTIMAL,OPTIMAL
ARMC8,OPTIMAL,OPTIMAL,OPTIMAL,OPTIMAL,OPTIMAL,OPTIMAL,INFEASIBLE,INFEASIBLE
ARMC9,OPTIMAL,OPTIMAL,OPTIMAL,OPTIMAL,OPTIMAL,INFEASIBLE,INFEASIBLE,INFEASIBLE
ARMCX1,OPTIMAL,OPTIMAL,OPTIMAL,OPTIMAL,OPTIMAL,OPTIMAL,INFEASIBLE,INFEASIBLE
ARMCX2,OPTIMAL,INFEASIBLE,INFEASIBLE,INFEASIBLE,INFEASIBLE,INFEASIBLE,INFEASIBLE,INFEASIBLE
ARMCX3,OPTIMAL,OPTIMAL,OPTIMAL,OPTIMAL,OPTIMAL,OPTIMAL,OPTIMAL,INFEASIBLE
ARMCX4,OPTIMAL,INFEASIBLE,INFEASIBLE,OPTIMAL,OPTIMAL,OPTIMAL,INFEASIBLE,INFEASIBLE
ARMCX6,OPTIMAL,OPTIMAL,INFEASIBLE,OPTIMAL,INFEASIBLE,INFEASIBLE,INFEASIBLE,INFEASIBLE
ARMT1,OPTIMAL,OPTIMAL,OPTIMAL,OPTIMAL,OPTIMAL,OPTIMAL,OPTIMAL,INFEASIBLE
ARNT,OPTIMAL,OPTIMAL,INFEASIBLE,OPTIMAL,OPTIMAL,INFEASIBLE,INFEASIBLE,INFEASIBLE
ARPC1A,OPTIMAL,OPTIMAL,INFEASIBLE,OPTIMAL,OPTIMAL,OPTIMAL,INFEASIBLE,INFEASIBLE
ARPC1B,OPTIMAL,OPTIMAL,OPTIMAL,OPTIMAL,OPTIMAL,OPTIMAL,INFEASIBLE,INFEASIBLE
ARPC2,OPTIMAL,OPTIMAL,INFEASIBLE,OPTIMAL,OPTIMAL,CUT_LIMIT,INFEASIBLE,INFEASIBLE
ARPC3,OPTIMAL,OPTIMAL,OPTIMAL,OPTIMAL,OPTIMAL,OPTIMAL,OPTIMAL,INFEASIBLE
ARPC4,OPTIMAL,OPTIMAL,OPTIMAL,OPTIMAL,OPTIMAL,OPTIMAL,OPTIMAL,OPTIMAL
ARPC5,OPTIMAL,OPTIMAL,OPTIMAL,OPTIMAL,OPTIMAL,OPTIMAL,INFEASIBLE,INFEASIBLE
ARPC5L,OPTIMAL,OPTIMAL,OPTIMAL,OPTIMAL,OPTIMAL,OPTIMAL,INFEASIBLE,INFEASIBLE
ARPIN,OPTIMAL,INFEASIBLE,INFEASIBLE,INFEASIBLE,INFEASIBLE,INFEASIBLE,INFEASIBLE,INFEASIBLE
ARPP19,OPTIMAL,OPTIMAL,OPTIMAL,OPTIMAL,OPTIMAL,OPTIMAL,INFEASIBLE,INFEASIBLE
ARRB1,OPTIMAL,OPTIMAL,INFEASIBLE,OPTIMAL,OPTIMAL,INFEASIBLE,INFEASIBLE,INFEASIBLE
ARRB2,OPTIMAL,OPTIMAL,INFEASIBLE,OPTIMAL,OPTIMAL,INFEASIBLE,INFEASIBLE,INFEASIBLE
ARRDC1,INFEASIBLE,INFEASIBLE,INFEASIBLE,OPTIMAL,INFEASIBLE,INFEASIBLE,INFEASIBLE,INFEASIBLE
ARRDC2,OPTIMAL,OPTIMAL,INFEASIBLE,OPTIMAL,OPTIMAL,INFEASIBLE,INFEASIBLE,INFEASIBLE
ARRDC3,OPTIMAL,OPTIMAL,OPTIMAL,OPTIMAL,OPTIMAL,OPTIMAL,OPTIMAL,INFEASIBLE
ARSA,OPTIMAL,OPTIMAL,INFEASIBLE,OPTIMAL,OPTIMAL,INFEASIBLE,INFEASIBLE,INFEASIBLE
ARSB,INFEASIBLE,INFEASIBLE,INFEASIBLE,INFEASIBLE,INFEASIBLE,INFEASIBLE,INFEASIBLE,INFEASIBLE
ARSD,OPTIMAL,OPTIMAL,OPTIMAL,OPTIMAL,OPTIMAL,OPTIMAL,OPTIMAL,INFEASIBLE
ARSJ,INFEASIBLE,INFEASIBLE,INFEASIBLE,INFEASIBLE,INFEASIBLE,INFEASIBLE,INFEASIBLE,INFEASIBLE
ARSK,OPTIMAL,OPTIMAL,INFEASIBLE,OPTIMAL,OPTIMAL,INFEASIBLE,INFEASIBLE,INFEASIBLE
ARV1,OPTIMAL,OPTIMAL,OPTIMAL,OPTIMAL,OPTIMAL,OPTIMAL,INFEASIBLE,INFEASIBLE
ASAH1,OPTIMAL,OPTIMAL,OPTIMAL,OPTIMAL,OPTIMAL,OPTIMAL,INFEASIBLE,INFEASIBLE
ASAH2B,OPTIMAL,OPTIMAL,OPTIMAL,OPTIMAL,OPTIMAL,OPTIMAL,INFEASIBLE,INFEASIBLE
ASAP1,OPTIMAL,OPTIMAL,OPTIMAL,OPTIMAL,OPTIMAL,OPTIMAL,INFEASIBLE,INFEASIBLE
ASAP2,OPTIMAL,OPTIMAL,OPTIMAL,OPTIMAL,OPTIMAL,OPTIMAL,INFEASIBLE,INFEASIBLE
ASB1,OPTIMAL,OPTIMAL,INFEASIBLE,OPTIMAL,OPTIMAL,OPTIMAL,INFEASIBLE,INFEASIBLE
ASB13,OPTIMAL,INFEASIBLE,INFEASIBLE,OPTIMAL,OPTIMAL,INFEASIBLE,INFEASIBLE,INFEASIBLE
ASB6,OPTIMAL,OPTIMAL,OPTIMAL,OPTIMAL,OPTIMAL,OPTIMAL,OPTIMAL,INFEASIBLE
ASB7,OPTIMAL,OPTIMAL,OPTIMAL,OPTIMAL,OPTIMAL,OPTIMAL,OPTIMAL,INFEASIBLE
ASB8,OPTIMAL,OPTIMAL,OPTIMAL,OPTIMAL,OPTIMAL,OPTIMAL,INFEASIBLE,INFEASIBLE
ASCC1,OPTIMAL,OPTIMAL,OPTIMAL,OPTIMAL,OPTIMAL,OPTIMAL,OPTIMAL,INFEASIBLE
ASCC2,OPTIMAL,OPTIMAL,OPTIMAL,OPTIMAL,OPTIMAL,OPTIMAL,INFEASIBLE,INFEASIBLE
ASCC3,OPTIMAL,OPTIMAL,OPTIMAL,OPTIMAL,OPTIMAL,OPTIMAL,INFEASIBLE,INFEASIBLE
ASF1A,OPTIMAL,OPTIMAL,OPTIMAL,OPTIMAL,OPTIMAL,OPTIMAL,OPTIMAL,INFEASIBLE
ASF1B,OPTIMAL,OPTIMAL,OPTIMAL,OPTIMAL,OPTIMAL,OPTIMAL,INFEASIBLE,INFEASIBLE
ASH1L,OPTIMAL,OPTIMAL,OPTIMAL,OPTIMAL,OPTIMAL,OPTIMAL,INFEASIBLE,INFEASIBLE
ASH2L,OPTIMAL,OPTIMAL,OPTIMAL,OPTIMAL,OPTIMAL,OPTIMAL,OPTIMAL,INFEASIBLE
ASL,OPTIMAL,INFEASIBLE,INFEASIBLE,OPTIMAL,INFEASIBLE,INFEASIBLE,INFEASIBLE,INFEASIBLE
ASMTL,OPTIMAL,INFEASIBLE,INFEASIBLE,OPTIMAL,INFEASIBLE,INFEASIBLE,INFEASIBLE,INFEASIBLE
ASNS,OPTIMAL,OPTIMAL,OPTIMAL,OPTIMAL,OPTIMAL,OPTIMAL,OPTIMAL,INFEASIBLE
ASNSD1,OPTIMAL,OPTIMAL,OPTIMAL,OPTIMAL,OPTIMAL,OPTIMAL,INFEASIBLE,INFEASIBLE
ASPH,OPTIMAL,OPTIMAL,OPTIMAL,OPTIMAL,OPTIMAL,OPTIMAL,INFEASIBLE,INFEASIBLE
ASPM,OPTIMAL,OPTIMAL,OPTIMAL,OPTIMAL,OPTIMAL,INFEASIBLE,INFEASIBLE,INFEASIBLE
ASPSCR1,OPTIMAL,OPTIMAL,OPTIMAL,OPTIMAL,OPTIMAL,OPTIMAL,INFEASIBLE,INFEASIBLE
ASS1,OPTIMAL,INFEASIBLE,INFEASIBLE,OPTIMAL,INFEASIBLE,INFEASIBLE,INFEASIBLE,INFEASIBLE
ASTE1,OPTIMAL,OPTIMAL,OPTIMAL,OPTIMAL,OPTIMAL,INFEASIBLE,INFEASIBLE,INFEASIBLE
ASXL1,OPTIMAL,OPTIMAL,OPTIMAL,OPTIMAL,OPTIMAL,OPTIMAL,INFEASIBLE,INFEASIBLE
ASXL2,OPTIMAL,OPTIMAL,OPTIMAL,OPTIMAL,OPTIMAL,OPTIMAL,OPTIMAL,INFEASIBLE
ATAD1,OPTIMAL,OPTIMAL,OPTIMAL,OPTIMAL,OPTIMAL,OPTIMAL,OPTIMAL,INFEASIBLE
ATAD2,OPTIMAL,OPTIMAL,OPTIMAL,OPTIMAL,OPTIMAL,OPTIMAL,INFEASIBLE,INFEASIBLE
ATAD2B,INFEASIBLE,INFEASIBLE,INFEASIBLE,INFEASIBLE,INFEASIBLE,INFEASIBLE,INFEASIBLE,INFEASIBLE
ATAD3A,OPTIMAL,OPTIMAL,OPTIMAL,OPTIMAL,OPTIMAL,OPTIMAL,OPTIMAL,INFEASIBLE
ATAD3B,OPTIMAL,OPTIMAL,OPTIMAL,OPTIMAL,OPTIMAL,INFEASIBLE,INFEASIBLE,INFEASIBLE
ATAD5,OPTIMAL,OPTIMAL,OPTIMAL,OPTIMAL,OPTIMAL,OPTIMAL,OPTIMAL,INFEASIBLE
ATAT1,OPTIMAL,OPTIMAL,OPTIMAL,OPTIMAL,OPTIMAL,OPTIMAL,INFEASIBLE,INFEASIBLE
ATE1,OPTIMAL,OPTIMAL,OPTIMAL,OPTIMAL,OPTIMAL,OPTIMAL,INFEASIBLE,INFEASIBLE
ATF1,OPTIMAL,OPTIMAL,OPTIMAL,OPTIMAL,OPTIMAL,OPTIMAL,INFEASIBLE,INFEASIBLE
ATF2,OPTIMAL,INFEASIBLE,INFEASIBLE,INFEASIBLE,INFEASIBLE,INFEASIBLE,INFEASIBLE,INFEASIBLE
ATF4,OPTIMAL,OPTIMAL,OPTIMAL,OPTIMAL,OPTIMAL,OPTIMAL,INFEASIBLE,INFEASIBLE
ATF5,OPTIMAL,OPTIMAL,OPTIMAL,OPTIMAL,OPTIMAL,OPTIMAL,OPTIMAL,INFEASIBLE
ATF6,OPTIMAL,OPTIMAL,OPTIMAL,OPTIMAL,OPTIMAL,OPTIMAL,OPTIMAL,INFEASIBLE
ATF6B,OPTIMAL,OPTIMAL,OPTIMAL,OPTIMAL,OPTIMAL,OPTIMAL,OPTIMAL,INFEASIBLE
ATF7,OPTIMAL,OPTIMAL,INFEASIBLE,OPTIMAL,OPTIMAL,INFEASIBLE,INFEASIBLE,INFEASIBLE
ATF7IP,OPTIMAL,OPTIMAL,OPTIMAL,OPTIMAL,OPTIMAL,OPTIMAL,INFEASIBLE,INFEASIBLE
ATG10,OPTIMAL,OPTIMAL,OPTIMAL,OPTIMAL,OPTIMAL,OPTIMAL,INFEASIBLE,INFEASIBLE
ATG12,OPTIMAL,OPTIMAL,OPTIMAL,OPTIMAL,OPTIMAL,OPTIMAL,OPTIMAL,INFEASIBLE
ATG13,OPTIMAL,OPTIMAL,INFEASIBLE,OPTIMAL,OPTIMAL,INFEASIBLE,INFEASIBLE,INFEASIBLE
ATG14,OPTIMAL,OPTIMAL,OPTIMAL,OPTIMAL,OPTIMAL,OPTIMAL,INFEASIBLE,INFEASIBLE
ATG16L1,OPTIMAL,OPTIMAL,INFEASIBLE,OPTIMAL,INFEASIBLE,INFEASIBLE,INFEASIBLE,INFEASIBLE
ATG2A,OPTIMAL,OPTIMAL,OPTIMAL,OPTIMAL,OPTIMAL,OPTIMAL,INFEASIBLE,INFEASIBLE
ATG2B,OPTIMAL,OPTIMAL,OPTIMAL,OPTIMAL,OPTIMAL,OPTIMAL,INFEASIBLE,INFEASIBLE
ATG3,OPTIMAL,OPTIMAL,OPTIMAL,OPTIMAL,OPTIMAL,OPTIMAL,OPTIMAL,INFEASIBLE
ATG4A,INFEASIBLE,INFEASIBLE,INFEASIBLE,INFEASIBLE,INFEASIBLE,INFEASIBLE,INFEASIBLE,INFEASIBLE
ATG4B,OPTIMAL,INFEASIBLE,INFEASIBLE,OPTIMAL,OPTIMAL,OPTIMAL,INFEASIBLE,INFEASIBLE
ATG4C,OPTIMAL,OPTIMAL,OPTIMAL,OPTIMAL,OPTIMAL,OPTIMAL,OPTIMAL,INFEASIBLE
ATG5,OPTIMAL,OPTIMAL,OPTIMAL,OPTIMAL,OPTIMAL,OPTIMAL,OPTIMAL,INFEASIBLE
ATG7,OPTIMAL,OPTIMAL,OPTIMAL,OPTIMAL,OPTIMAL,OPTIMAL,OPTIMAL,INFEASIBLE
ATG9A,OPTIMAL,OPTIMAL,OPTIMAL,OPTIMAL,OPTIMAL,OPTIMAL,OPTIMAL,INFEASIBLE
ATIC,OPTIMAL,OPTIMAL,OPTIMAL,OPTIMAL,OPTIMAL,OPTIMAL,INFEASIBLE,INFEASIBLE
ATL1,OPTIMAL,OPTIMAL,INFEASIBLE,OPTIMAL,OPTIMAL,INFEASIBLE,INFEASIBLE,INFEASIBLE
ATL2,OPTIMAL,OPTIMAL,OPTIMAL,OPTIMAL,OPTIMAL,OPTIMAL,INFEASIBLE,INFEASIBLE
ATL3,OPTIMAL,OPTIMAL,OPTIMAL,OPTIMAL,OPTIMAL,OPTIMAL,INFEASIBLE,INFEASIBLE
ATM,OPTIMAL,OPTIMAL,OPTIMAL,OPTIMAL,OPTIMAL,INFEASIBLE,INFEASIBLE,INFEASIBLE
ATMIN,OPTIMAL,OPTIMAL,OPTIMAL,OPTIMAL,OPTIMAL,OPTIMAL,INFEASIBLE,INFEASIBLE
ATN1,OPTIMAL,OPTIMAL,OPTIMAL,OPTIMAL,OPTIMAL,OPTIMAL,INFEASIBLE,INFEASIBLE
ATOH8,INFEASIBLE,INFEASIBLE,INFEASIBLE,OPTIMAL,INFEASIBLE,INFEASIBLE,INFEASIBLE,INFEASIBLE
ATOX1,OPTIMAL,OPTIMAL,OPTIMAL,OPTIMAL,OPTIMAL,OPTIMAL,INFEASIBLE,INFEASIBLE
ATP10A,OPTIMAL,OPTIMAL,OPTIMAL,OPTIMAL,OPTIMAL,OPTIMAL,INFEASIBLE,INFEASIBLE
ATP10D,OPTIMAL,INFEASIBLE,INFEASIBLE,OPTIMAL,INFEASIBLE,INFEASIBLE,INFEASIBLE,INFEASIBLE
ATP11A,OPTIMAL,OPTIMAL,OPTIMAL,OPTIMAL,OPTIMAL,OPTIMAL,OPTIMAL,INFEASIBLE
ATP11B,OPTIMAL,OPTIMAL,OPTIMAL,OPTIMAL,OPTIMAL,OPTIMAL,OPTIMAL,INFEASIBLE
ATP11C,INFEASIBLE,INFEASIBLE,INFEASIBLE,INFEASIBLE,INFEASIBLE,INFEASIBLE,INFEASIBLE,INFEASIBLE
ATP13A1,OPTIMAL,OPTIMAL,OPTIMAL,OPTIMAL,OPTIMAL,OPTIMAL,INFEASIBLE,INFEASIBLE
ATP13A2,OPTIMAL,OPTIMAL,INFEASIBLE,OPTIMAL,INFEASIBLE,INFEASIBLE,INFEASIBLE,INFEASIBLE
ATP13A3,OPTIMAL,OPTIMAL,OPTIMAL,OPTIMAL,OPTIMAL,OPTIMAL,INFEASIBLE,INFEASIBLE
ATP1A1,OPTIMAL,OPTIMAL,OPTIMAL,OPTIMAL,OPTIMAL,OPTIMAL,OPTIMAL,INFEASIBLE
ATP1B1,OPTIMAL,OPTIMAL,OPTIMAL,OPTIMAL,OPTIMAL,OPTIMAL,OPTIMAL,OPTIMAL
ATP1B3,OPTIMAL,OPTIMAL,OPTIMAL,OPTIMAL,OPTIMAL,OPTIMAL,INFEASIBLE,INFEASIBLE
ATP2A2,OPTIMAL,OPTIMAL,INFEASIBLE,OPTIMAL,OPTIMAL,OPTIMAL,INFEASIBLE,INFEASIBLE
ATP2B1,OPTIMAL,OPTIMAL,OPTIMAL,OPTIMAL,OPTIMAL,OPTIMAL,INFEASIBLE,INFEASIBLE
ATP2B4,OPTIMAL,OPTIMAL,OPTIMAL,OPTIMAL,OPTIMAL,OPTIMAL,INFEASIBLE,INFEASIBLE
ATP2C1,OPTIMAL,OPTIMAL,OPTIMAL,OPTIMAL,OPTIMAL,OPTIMAL,INFEASIBLE,INFEASIBLE
ATP6AP1,INFEASIBLE,INFEASIBLE,INFEASIBLE,INFEASIBLE,INFEASIBLE,INFEASIBLE,INFEASIBLE,INFEASIBLE
ATP6AP2,OPTIMAL,OPTIMAL,OPTIMAL,OPTIMAL,OPTIMAL,OPTIMAL,INFEASIBLE,INFEASIBLE
ATP6V0A1,OPTIMAL,OPTIMAL,OPTIMAL,OPTIMAL,OPTIMAL,OPTIMAL,INFEASIBLE,INFEASIBLE
ATP6V0A2,INFEASIBLE,INFEASIBLE,INFEASIBLE,OPTIMAL,INFEASIBLE,INFEASIBLE,INFEASIBLE,INFEASIBLE
ATP6V0B,OPTIMAL,OPTIMAL,OPTIMAL,OPTIMAL,OPTIMAL,OPTIMAL,INFEASIBLE,INFEASIBLE
ATP6V0D1,OPTIMAL,OPTIMAL,OPTIMAL,OPTIMAL,OPTIMAL,OPTIMAL,OPTIMAL,OPTIMAL
ATP6V0E1,OPTIMAL,OPTIMAL,OPTIMAL,OPTIMAL,OPTIMAL,OPTIMAL,INFEASIBLE,INFEASIBLE
ATP6V0E2,INFEASIBLE,INFEASIBLE,INFEASIBLE,INFEASIBLE,INFEASIBLE,INFEASIBLE,INFEASIBLE,INFEASIBLE
ATP6V1A,OPTIMAL,OPTIMAL,OPTIMAL,OPTIMAL,OPTIMAL,OPTIMAL,OPTIMAL,INFEASIBLE
ATP6V1B2,OPTIMAL,OPTIMAL,OPTIMAL,OPTIMAL,OPTIMAL,OPTIMAL,OPTIMAL,INFEASIBLE
ATP6V1C1,OPTIMAL,OPTIMAL,OPTIMAL,OPTIMAL,OPTIMAL,OPTIMAL,INFEASIBLE,INFEASIBLE
ATP6V1D,OPTIMAL,OPTIMAL,OPTIMAL,OPTIMAL,OPTIMAL,OPTIMAL,OPTIMAL,INFEASIBLE
ATP6V1E1,OPTIMAL,OPTIMAL,INFEASIBLE,OPTIMAL,OPTIMAL,OPTIMAL,INFEASIBLE,INFEASIBLE
ATP6V1F,OPTIMAL,OPTIMAL,OPTIMAL,OPTIMAL,OPTIMAL,OPTIMAL,OPTIMAL,INFEASIBLE
ATP6V1G1,OPTIMAL,OPTIMAL,OPTIMAL,OPTIMAL,OPTIMAL,OPTIMAL,INFEASIBLE,INFEASIBLE
ATP6V1H,OPTIMAL,OPTIMAL,OPTIMAL,OPTIMAL,OPTIMAL,OPTIMAL,OPTIMAL,INFEASIBLE
ATP7A,OPTIMAL,OPTIMAL,OPTIMAL,OPTIMAL,OPTIMAL,OPTIMAL,INFEASIBLE,INFEASIBLE
ATP8A2,OPTIMAL,OPTIMAL,OPTIMAL,OPTIMAL,OPTIMAL,OPTIMAL,OPTIMAL,INFEASIBLE
ATP8B1,OPTIMAL,OPTIMAL,OPTIMAL,OPTIMAL,OPTIMAL,OPTIMAL,INFEASIBLE,INFEASIBLE
ATP8B2,OPTIMAL,OPTIMAL,OPTIMAL,OPTIMAL,OPTIMAL,OPTIMAL,OPTIMAL,OPTIMAL
ATP9A,OPTIMAL,OPTIMAL,OPTIMAL,OPTIMAL,OPTIMAL,OPTIMAL,INFEASIBLE,INFEASIBLE
ATP9B,OPTIMAL,INFEASIBLE,INFEASIBLE,OPTIMAL,INFEASIBLE,INFEASIBLE,INFEASIBLE,INFEASIBLE
ATPAF1,OPTIMAL,OPTIMAL,OPTIMAL,OPTIMAL,OPTIMAL,OPTIMAL,INFEASIBLE,INFEASIBLE
ATPAF2,INFEASIBLE,INFEASIBLE,INFEASIBLE,OPTIMAL,OPTIMAL,OPTIMAL,INFEASIBLE,INFEASIBLE
ATR,OPTIMAL,OPTIMAL,OPTIMAL,OPTIMAL,OPTIMAL,OPTIMAL,INFEASIBLE,INFEASIBLE
ATRAID,OPTIMAL,OPTIMAL,OPTIMAL,OPTIMAL,OPTIMAL,OPTIMAL,INFEASIBLE,INFEASIBLE
ATRIP,OPTIMAL,OPTIMAL,OPTIMAL,OPTIMAL,OPTIMAL,OPTIMAL,INFEASIBLE,INFEASIBLE
ATRN,OPTIMAL,OPTIMAL,INFEASIBLE,OPTIMAL,OPTIMAL,INFEASIBLE,INFEASIBLE,INFEASIBLE
ATRX,OPTIMAL,OPTIMAL,OPTIMAL,OPTIMAL,OPTIMAL,OPTIMAL,INFEASIBLE,INFEASIBLE
ATXN10,OPTIMAL,OPTIMAL,OPTIMAL,OPTIMAL,OPTIMAL,OPTIMAL,INFEASIBLE,INFEASIBLE
ATXN1L,OPTIMAL,OPTIMAL,OPTIMAL,OPTIMAL,OPTIMAL,OPTIMAL,INFEASIBLE,INFEASIBLE
ATXN2,OPTIMAL,OPTIMAL,OPTIMAL,OPTIMAL,OPTIMAL,OPTIMAL,INFEASIBLE,INFEASIBLE
ATXN2L,OPTIMAL,OPTIMAL,OPTIMAL,OPTIMAL,OPTIMAL,OPTIMAL,OPTIMAL,INFEASIBLE
ATXN3,OPTIMAL,OPTIMAL,OPTIMAL,OPTIMAL,OPTIMAL,OPTIMAL,OPTIMAL,INFEASIBLE
ATXN7,OPTIMAL,OPTIMAL,OPTIMAL,OPTIMAL,OPTIMAL,OPTIMAL,OPTIMAL,INFEASIBLE
ATXN7L1,OPTIMAL,OPTIMAL,OPTIMAL,OPTIMAL,OPTIMAL,OPTIMAL,INFEASIBLE,INFEASIBLE
ATXN7L3,OPTIMAL,OPTIMAL,OPTIMAL,OPTIMAL,OPTIMAL,OPTIMAL,INFEASIBLE,INFEASIBLE
ATXN7L3B,OPTIMAL,OPTIMAL,OPTIMAL,OPTIMAL,OPTIMAL,OPTIMAL,INFEASIBLE,INFEASIBLE
AUH,INFEASIBLE,INFEASIBLE,INFEASIBLE,INFEASIBLE,INFEASIBLE,INFEASIBLE,INFEASIBLE,INFEASIBLE
AUNIP,OPTIMAL,OPTIMAL,OPTIMAL,OPTIMAL,OPTIMAL,OPTIMAL,INFEASIBLE,INFEASIBLE
AUP1,OPTIMAL,OPTIMAL,OPTIMAL,OPTIMAL,OPTIMAL,OPTIMAL,INFEASIBLE,INFEASIBLE
AURKA,OPTIMAL,OPTIMAL,OPTIMAL,OPTIMAL,OPTIMAL,OPTIMAL,INFEASIBLE,INFEASIBLE
AURKAIP1,OPTIMAL,OPTIMAL,OPTIMAL,OPTIMAL,OPTIMAL,OPTIMAL,INFEASIBLE,INFEASIBLE
AURKB,OPTIMAL,INFEASIBLE,INFEASIBLE,OPTIMAL,INFEASIBLE,INFEASIBLE,INFEASIBLE,INFEASIBLE
AUTS2,OPTIMAL,OPTIMAL,OPTIMAL,OPTIMAL,OPTIMAL,OPTIMAL,INFEASIBLE,INFEASIBLE
AVEN,OPTIMAL,OPTIMAL,OPTIMAL,OPTIMAL,OPTIMAL,INFEASIBLE,INFEASIBLE,INFEASIBLE
AVL9,OPTIMAL,OPTIMAL,OPTIMAL,OPTIMAL,OPTIMAL,OPTIMAL,OPTIMAL,OPTIMAL
AVPI1,INFEASIBLE,INFEASIBLE,INFEASIBLE,INFEASIBLE,INFEASIBLE,INFEASIBLE,INFEASIBLE,INFEASIBLE
AXIN1,OPTIMAL,OPTIMAL,OPTIMAL,OPTIMAL,OPTIMAL,OPTIMAL,OPTIMAL,INFEASIBLE
AXIN2,OPTIMAL,OPTIMAL,INFEASIBLE,OPTIMAL,OPTIMAL,INFEASIBLE,INFEASIBLE,INFEASIBLE
AXL,OPTIMAL,OPTIMAL,OPTIMAL,OPTIMAL,OPTIMAL,OPTIMAL,INFEASIBLE,INFEASIBLE
AZI2,OPTIMAL,OPTIMAL,OPTIMAL,OPTIMAL,OPTIMAL,OPTIMAL,OPTIMAL,INFEASIBLE
AZIN1,OPTIMAL,OPTIMAL,OPTIMAL,OPTIMAL,OPTIMAL,OPTIMAL,INFEASIBLE,INFEASIBLE
B2M,OPTIMAL,OPTIMAL,OPTIMAL,OPTIMAL,OPTIMAL,OPTIMAL,INFEASIBLE,OPTIMAL
B3GALNT1,OPTIMAL,OPTIMAL,OPTIMAL,OPTIMAL,OPTIMAL,OPTIMAL,OPTIMAL,INFEASIBLE
B3GALNT2,OPTIMAL,OPTIMAL,OPTIMAL,OPTIMAL,OPTIMAL,OPTIMAL,INFEASIBLE,INFEASIBLE
B3GALT6,OPTIMAL,OPTIMAL,OPTIMAL,OPTIMAL,OPTIMAL,OPTIMAL,OPTIMAL,INFEASIBLE
B3GAT3,OPTIMAL,OPTIMAL,OPTIMAL,OPTIMAL,OPTIMAL,OPTIMAL,OPTIMAL,INFEASIBLE
B3GLCT,OPTIMAL,INFEASIBLE,INFEASIBLE,OPTIMAL,INFEASIBLE,INFEASIBLE,INFEASIBLE,INFEASIBLE
B3GNT2,OPTIMAL,OPTIMAL,OPTIMAL,OPTIMAL,OPTIMAL,OPTIMAL,INFEASIBLE,INFEASIBLE
B3GNT5,OPTIMAL,OPTIMAL,OPTIMAL,OPTIMAL,OPTIMAL,OPTIMAL,OPTIMAL,INFEASIBLE
B3GNT9,OPTIMAL,OPTIMAL,OPTIMAL,OPTIMAL,OPTIMAL,OPTIMAL,OPTIMAL,INFEASIBLE
B3GNTL1,OPTIMAL,OPTIMAL,OPTIMAL,OPTIMAL,OPTIMAL,OPTIMAL,OPTIMAL,INFEASIBLE
B4GALT1,OPTIMAL,OPTIMAL,OPTIMAL,OPTIMAL,OPTIMAL,OPTIMAL,OPTIMAL,OPTIMAL
B4GALT2,OPTIMAL,OPTIMAL,OPTIMAL,OPTIMAL,OPTIMAL,OPTIMAL,OPTIMAL,INFEASIBLE
B4GALT3,OPTIMAL,OPTIMAL,OPTIMAL,OPTIMAL,OPTIMAL,OPTIMAL,OPTIMAL,INFEASIBLE
B4GALT4,OPTIMAL,OPTIMAL,OPTIMAL,OPTIMAL,OPTIMAL,OPTIMAL,INFEASIBLE,INFEASIBLE
B4GALT5,OPTIMAL,OPTIMAL,OPTIMAL,OPTIMAL,OPTIMAL,OPTIMAL,OPTIMAL,OPTIMAL
B4GALT7,OPTIMAL,OPTIMAL,OPTIMAL,OPTIMAL,OPTIMAL,OPTIMAL,INFEASIBLE,INFEASIBLE
B4GAT1,OPTIMAL,OPTIMAL,INFEASIBLE,OPTIMAL,OPTIMAL,INFEASIBLE,INFEASIBLE,INFEASIBLE
B9D1,OPTIMAL,OPTIMAL,OPTIMAL,OPTIMAL,OPTIMAL,OPTIMAL,INFEASIBLE,INFEASIBLE
B9D2,OPTIMAL,OPTIMAL,OPTIMAL,OPTIMAL,OPTIMAL,OPTIMAL,OPTIMAL,OPTIMAL
BABAM1,OPTIMAL,OPTIMAL,INFEASIBLE,OPTIMAL,OPTIMAL,OPTIMAL,INFEASIBLE,INFEASIBLE
BACE1,OPTIMAL,OPTIMAL,OPTIMAL,OPTIMAL,OPTIMAL,OPTIMAL,OPTIMAL,INFEASIBLE
BACE2,OPTIMAL,OPTIMAL,OPTIMAL,OPTIMAL,OPTIMAL,OPTIMAL,INFEASIBLE,INFEASIBLE
BACH1,OPTIMAL,OPTIMAL,OPTIMAL,OPTIMAL,OPTIMAL,OPTIMAL,OPTIMAL,INFEASIBLE
BAD,OPTIMAL,OPTIMAL,OPTIMAL,OPTIMAL,OPTIMAL,OPTIMAL,INFEASIBLE,INFEASIBLE
BAG1,OPTIMAL,OPTIMAL,OPTIMAL,OPTIMAL,OPTIMAL,OPTIMAL,OPTIMAL,INFEASIBLE
BAG2,OPTIMAL,OPTIMAL,OPTIMAL,OPTIMAL,OPTIMAL,OPTIMAL,INFEASIBLE,INFEASIBLE
BAG3,OPTIMAL,OPTIMAL,OPTIMAL,OPTIMAL,OPTIMAL,OPTIMAL,INFEASIBLE,INFEASIBLE
BAG4,OPTIMAL,OPTIMAL,INFEASIBLE,OPTIMAL,OPTIMAL,OPTIMAL,INFEASIBLE,INFEASIBLE
BAG5,OPTIMAL,OPTIMAL,INFEASIBLE,OPTIMAL,OPTIMAL,INFEASIBLE,INFEASIBLE,INFEASIBLE
BAG6,OPTIMAL,OPTIMAL,OPTIMAL,OPTIMAL,OPTIMAL,OPTIMAL,INFEASIBLE,INFEASIBLE
BAHCC1,OPTIMAL,OPTIMAL,OPTIMAL,OPTIMAL,OPTIMAL,OPTIMAL,INFEASIBLE,INFEASIBLE
BAHD1,OPTIMAL,OPTIMAL,INFEASIBLE,OPTIMAL,OPTIMAL,INFEASIBLE,INFEASIBLE,INFEASIBLE
BAIAP2,OPTIMAL,OPTIMAL,OPTIMAL,OPTIMAL,OPTIMAL,OPTIMAL,INFEASIBLE,INFEASIBLE
BAIAP2L2,OPTIMAL,INFEASIBLE,INFEASIBLE,OPTIMAL,INFEASIBLE,INFEASIBLE,INFEASIBLE,INFEASIBLE
BAK1,OPTIMAL,OPTIMAL,OPTIMAL,OPTIMAL,OPTIMAL,OPTIMAL,INFEASIBLE,INFEASIBLE
BANF1,OPTIMAL,OPTIMAL,OPTIMAL,OPTIMAL,OPTIMAL,OPTIMAL,OPTIMAL,INFEASIBLE
BANP,OPTIMAL,OPTIMAL,INFEASIBLE,OPTIMAL,INFEASIBLE,INFEASIBLE,INFEASIBLE,INFEASIBLE
BAP1,OPTIMAL,OPTIMAL,INFEASIBLE,OPTIMAL,OPTIMAL,OPTIMAL,INFEASIBLE,INFEASIBLE
BARD1,OPTIMAL,OPTIMAL,OPTIMAL,OPTIMAL,OPTIMAL,OPTIMAL,INFEASIBLE,INFEASIBLE
BASP1,OPTIMAL,OPTIMAL,OPTIMAL,OPTIMAL,OPTIMAL,OPTIMAL,INFEASIBLE,INFEASIBLE
BATF3,OPTIMAL,OPTIMAL,INFEASIBLE,OPTIMAL,INFEASIBLE,INFEASIBLE,INFEASIBLE,INFEASIBLE
BAX,OPTIMAL,INFEASIBLE,INFEASIBLE,OPTIMAL,INFEASIBLE,INFEASIBLE,INFEASIBLE,INFEASIBLE
BAZ1A,OPTIMAL,OPTIMAL,OPTIMAL,OPTIMAL,OPTIMAL,OPTIMAL,INFEASIBLE,INFEASIBLE
BAZ1B,OPTIMAL,OPTIMAL,OPTIMAL,OPTIMAL,OPTIMAL,OPTIMAL,INFEASIBLE,INFEASIBLE
BAZ2A,OPTIMAL,OPTIMAL,OPTIMAL,OPTIMAL,OPTIMAL,OPTIMAL,INFEASIBLE,INFEASIBLE
BAZ2B,OPTIMAL,OPTIMAL,OPTIMAL,OPTIMAL,OPTIMAL,INFEASIBLE,INFEASIBLE,INFEASIBLE
BBIP1,OPTIMAL,OPTIMAL,OPTIMAL,OPTIMAL,OPTIMAL,OPTIMAL,INFEASIBLE,INFEASIBLE
BBS2,OPTIMAL,OPTIMAL,INFEASIBLE,OPTIMAL,OPTIMAL,INFEASIBLE,INFEASIBLE,INFEASIBLE
BBS4,OPTIMAL,OPTIMAL,OPTIMAL,OPTIMAL,OPTIMAL,OPTIMAL,OPTIMAL,INFEASIBLE
BBS7,OPTIMAL,OPTIMAL,OPTIMAL,OPTIMAL,OPTIMAL,OPTIMAL,INFEASIBLE,INFEASIBLE
BBS9,OPTIMAL,OPTIMAL,OPTIMAL,OPTIMAL,OPTIMAL,OPTIMAL,OPTIMAL,INFEASIBLE
BBX,OPTIMAL,OPTIMAL,OPTIMAL,OPTIMAL,OPTIMAL,OPTIMAL,INFEASIBLE,INFEASIBLE
BCAP29,OPTIMAL,OPTIMAL,OPTIMAL,OPTIMAL,OPTIMAL,OPTIMAL,INFEASIBLE,INFEASIBLE
BCAP31,OPTIMAL,OPTIMAL,OPTIMAL,OPTIMAL,OPTIMAL,OPTIMAL,INFEASIBLE,INFEASIBLE
BCAR1,OPTIMAL,OPTIMAL,INFEASIBLE,OPTIMAL,OPTIMAL,OPTIMAL,INFEASIBLE,INFEASIBLE
BCAR3,OPTIMAL,OPTIMAL,OPTIMAL,OPTIMAL,OPTIMAL,OPTIMAL,INFEASIBLE,INFEASIBLE
BCAS2,OPTIMAL,OPTIMAL,OPTIMAL,OPTIMAL,OPTIMAL,OPTIMAL,OPTIMAL,INFEASIBLE
BCAS3,INFEASIBLE,INFEASIBLE,INFEASIBLE,INFEASIBLE,INFEASIBLE,INFEASIBLE,INFEASIBLE,INFEASIBLE
BCAS4,OPTIMAL,OPTIMAL,OPTIMAL,OPTIMAL,OPTIMAL,OPTIMAL,INFEASIBLE,INFEASIBLE
BCAT1,OPTIMAL,OPTIMAL,INFEASIBLE,OPTIMAL,INFEASIBLE,INFEASIBLE,INFEASIBLE,INFEASIBLE
BCAT2,OPTIMAL,INFEASIBLE,INFEASIBLE,OPTIMAL,INFEASIBLE,INFEASIBLE,INFEASIBLE,INFEASIBLE
BCCIP,OPTIMAL,OPTIMAL,OPTIMAL,OPTIMAL,OPTIMAL,OPTIMAL,OPTIMAL,INFEASIBLE
BCDIN3D,OPTIMAL,INFEASIBLE,INFEASIBLE,OPTIMAL,INFEASIBLE,INFEASIBLE,INFEASIBLE,INFEASIBLE
BCKDHB,OPTIMAL,OPTIMAL,OPTIMAL,OPTIMAL,OPTIMAL,OPTIMAL,INFEASIBLE,INFEASIBLE
BCKDK,OPTIMAL,OPTIMAL,INFEASIBLE,OPTIMAL,INFEASIBLE,INFEASIBLE,INFEASIBLE,INFEASIBLE
BCL10,OPTIMAL,OPTIMAL,INFEASIBLE,OPTIMAL,INFEASIBLE,INFEASIBLE,INFEASIBLE,INFEASIBLE
BCL2L1,OPTIMAL,OPTIMAL,OPTIMAL,OPTIMAL,OPTIMAL,OPTIMAL,INFEASIBLE,INFEASIBLE
BCL2L12,OPTIMAL,OPTIMAL,OPTIMAL,OPTIMAL,OPTIMAL,OPTIMAL,INFEASIBLE,INFEASIBLE
BCL2L13,OPTIMAL,OPTIMAL,OPTIMAL,OPTIMAL,OPTIMAL,OPTIMAL,OPTIMAL,INFEASIBLE
BCL2L2,OPTIMAL,OPTIMAL,OPTIMAL,OPTIMAL,OPTIMAL,OPTIMAL,INFEASIBLE,INFEASIBLE
BCL3,OPTIMAL,OPTIMAL,OPTIMAL,OPTIMAL,OPTIMAL,OPTIMAL,INFEASIBLE,INFEASIBLE
BCL6,OPTIMAL,OPTIMAL,OPTIMAL,OPTIMAL,OPTIMAL,OPTIMAL,INFEASIBLE,INFEASIBLE
BCL7A,OPTIMAL,OPTIMAL,INFEASIBLE,OPTIMAL,OPTIMAL,INFEASIBLE,INFEASIBLE,INFEASIBLE
BCL7B,OPTIMAL,OPTIMAL,OPTIMAL,OPTIMAL,OPTIMAL,OPTIMAL,INFEASIBLE,INFEASIBLE
BCL7C,OPTIMAL,OPTIMAL,INFEASIBLE,OPTIMAL,OPTIMAL,OPTIMAL,INFEASIBLE,INFEASIBLE
BCL9,OPTIMAL,OPTIMAL,INFEASIBLE,OPTIMAL,OPTIMAL,INFEASIBLE,INFEASIBLE,INFEASIBLE
BCL9L,OPTIMAL,INFEASIBLE,INFEASIBLE,OPTIMAL,INFEASIBLE,INFEASIBLE,INFEASIBLE,INFEASIBLE
BCLAF1,OPTIMAL,OPTIMAL,OPTIMAL,OPTIMAL,OPTIMAL,OPTIMAL,OPTIMAL,OPTIMAL
BCOR,OPTIMAL,OPTIMAL,OPTIMAL,OPTIMAL,OPTIMAL,INFEASIBLE,INFEASIBLE,INFEASIBLE
BCR,OPTIMAL,OPTIMAL,INFEASIBLE,OPTIMAL,OPTIMAL,OPTIMAL,INFEASIBLE,INFEASIBLE
BCS1L,OPTIMAL,OPTIMAL,OPTIMAL,OPTIMAL,OPTIMAL,OPTIMAL,OPTIMAL,INFEASIBLE
BDH1,OPTIMAL,OPTIMAL,OPTIMAL,OPTIMAL,OPTIMAL,OPTIMAL,INFEASIBLE,INFEASIBLE
BDH2,INFEASIBLE,INFEASIBLE,INFEASIBLE,OPTIMAL,OPTIMAL,OPTIMAL,INFEASIBLE,INFEASIBLE
BDP1,OPTIMAL,OPTIMAL,OPTIMAL,OPTIMAL,OPTIMAL,OPTIMAL,OPTIMAL,INFEASIBLE
BECN1,OPTIMAL,OPTIMAL,INFEASIBLE,OPTIMAL,OPTIMAL,OPTIMAL,INFEASIBLE,INFEASIBLE
BEND6,OPTIMAL,OPTIMAL,OPTIMAL,OPTIMAL,OPTIMAL,OPTIMAL,OPTIMAL,INFEASIBLE
BET1,OPTIMAL,OPTIMAL,OPTIMAL,OPTIMAL,OPTIMAL,INFEASIBLE,INFEASIBLE,INFEASIBLE
BET1L,OPTIMAL,OPTIMAL,OPTIMAL,OPTIMAL,OPTIMAL,OPTIMAL,OPTIMAL,INFEASIBLE
BEX1,OPTIMAL,OPTIMAL,OPTIMAL,OPTIMAL,OPTIMAL,OPTIMAL,OPTIMAL,INFEASIBLE
BEX4,OPTIMAL,OPTIMAL,OPTIMAL,OPTIMAL,OPTIMAL,OPTIMAL,INFEASIBLE,INFEASIBLE
BFAR,OPTIMAL,OPTIMAL,OPTIMAL,OPTIMAL,OPTIMAL,OPTIMAL,INFEASIBLE,INFEASIBLE
BGN,OPTIMAL,INFEASIBLE,INFEASIBLE,OPTIMAL,INFEASIBLE,INFEASIBLE,INFEASIBLE,INFEASIBLE
BHMT2,OPTIMAL,OPTIMAL,OPTIMAL,OPTIMAL,OPTIMAL,OPTIMAL,INFEASIBLE,INFEASIBLE
BICC1,OPTIMAL,OPTIMAL,OPTIMAL,OPTIMAL,OPTIMAL,INFEASIBLE,INFEASIBLE,INFEASIBLE
BICD1,OPTIMAL,OPTIMAL,OPTIMAL,OPTIMAL,OPTIMAL,OPTIMAL,OPTIMAL,OPTIMAL
BICD2,OPTIMAL,OPTIMAL,OPTIMAL,OPTIMAL,OPTIMAL,OPTIMAL,INFEASIBLE,INFEASIBLE
BID,OPTIMAL,OPTIMAL,OPTIMAL,OPTIMAL,OPTIMAL,OPTIMAL,INFEASIBLE,INFEASIBLE
BIN1,OPTIMAL,OPTIMAL,OPTIMAL,OPTIMAL,OPTIMAL,OPTIMAL,INFEASIBLE,INFEASIBLE
BIN3,OPTIMAL,OPTIMAL,OPTIMAL,OPTIMAL,OPTIMAL,OPTIMAL,INFEASIBLE,INFEASIBLE
BIRC2,OPTIMAL,OPTIMAL,OPTIMAL,OPTIMAL,OPTIMAL,OPTIMAL,INFEASIBLE,INFEASIBLE
BIRC5,OPTIMAL,OPTIMAL,OPTIMAL,OPTIMAL,OPTIMAL,OPTIMAL,OPTIMAL,INFEASIBLE
BIRC6,OPTIMAL,OPTIMAL,OPTIMAL,OPTIMAL,OPTIMAL,OPTIMAL,INFEASIBLE,INFEASIBLE
BIVM,OPTIMAL,OPTIMAL,OPTIMAL,OPTIMAL,OPTIMAL,OPTIMAL,OPTIMAL,INFEASIBLE
BLCAP,OPTIMAL,OPTIMAL,OPTIMAL,OPTIMAL,OPTIMAL,OPTIMAL,INFEASIBLE,INFEASIBLE
BLM,OPTIMAL,OPTIMAL,INFEASIBLE,OPTIMAL,INFEASIBLE,INFEASIBLE,INFEASIBLE,INFEASIBLE
BLMH,OPTIMAL,OPTIMAL,OPTIMAL,OPTIMAL,OPTIMAL,OPTIMAL,OPTIMAL,INFEASIBLE
BLOC1S1,OPTIMAL,INFEASIBLE,INFEASIBLE,OPTIMAL,OPTIMAL,OPTIMAL,INFEASIBLE,INFEASIBLE
BLOC1S2,OPTIMAL,OPTIMAL,OPTIMAL,OPTIMAL,OPTIMAL,OPTIMAL,OPTIMAL,OPTIMAL
BLOC1S3,OPTIMAL,OPTIMAL,INFEASIBLE,OPTIMAL,INFEASIBLE,INFEASIBLE,INFEASIBLE,INFEASIBLE
BLOC1S4,INFEASIBLE,INFEASIBLE,INFEASIBLE,OPTIMAL,OPTIMAL,INFEASIBLE,INFEASIBLE,INFEASIBLE
BLOC1S5,INFEASIBLE,INFEASIBLE,INFEASIBLE,INFEASIBLE,INFEASIBLE,INFEASIBLE,INFEASIBLE,INFEASIBLE
BLOC1S6,OPTIMAL,OPTIMAL,OPTIMAL,OPTIMAL,OPTIMAL,OPTIMAL,INFEASIBLE,INFEASIBLE
BLVRA,OPTIMAL,OPTIMAL,OPTIMAL,OPTIMAL,OPTIMAL,OPTIMAL,INFEASIBLE,INFEASIBLE
BLVRB,OPTIMAL,OPTIMAL,OPTIMAL,OPTIMAL,OPTIMAL,OPTIMAL,INFEASIBLE,INFEASIBLE
BLZF1,OPTIMAL,OPTIMAL,OPTIMAL,OPTIMAL,OPTIMAL,OPTIMAL,INFEASIBLE,INFEASIBLE
BMI1,OPTIMAL,OPTIMAL,OPTIMAL,OPTIMAL,OPTIMAL,INFEASIBLE,INFEASIBLE,INFEASIBLE
BMP1,OPTIMAL,OPTIMAL,INFEASIBLE,OPTIMAL,OPTIMAL,OPTIMAL,INFEASIBLE,INFEASIBLE
BMP2K,OPTIMAL,OPTIMAL,OPTIMAL,OPTIMAL,OPTIMAL,OPTIMAL,OPTIMAL,INFEASIBLE
BMPER,INFEASIBLE,INFEASIBLE,INFEASIBLE,INFEASIBLE,INFEASIBLE,INFEASIBLE,INFEASIBLE,INFEASIBLE
BMPR1A,OPTIMAL,OPTIMAL,INFEASIBLE,OPTIMAL,OPTIMAL,OPTIMAL,INFEASIBLE,INFEASIBLE
BMPR2,OPTIMAL,OPTIMAL,OPTIMAL,OPTIMAL,OPTIMAL,OPTIMAL,INFEASIBLE,INFEASIBLE
BMS1,OPTIMAL,OPTIMAL,OPTIMAL,OPTIMAL,OPTIMAL,OPTIMAL,INFEASIBLE,INFEASIBLE
BNC1,OPTIMAL,OPTIMAL,OPTIMAL,OPTIMAL,OPTIMAL,OPTIMAL,OPTIMAL,INFEASIBLE
BNC2,INFEASIBLE,INFEASIBLE,INFEASIBLE,OPTIMAL,INFEASIBLE,INFEASIBLE,INFEASIBLE,INFEASIBLE
BNIP1,OPTIMAL,OPTIMAL,OPTIMAL,OPTIMAL,OPTIMAL,INFEASIBLE,INFEASIBLE,INFEASIBLE
BNIP2,OPTIMAL,OPTIMAL,OPTIMAL,OPTIMAL,OPTIMAL,OPTIMAL,INFEASIBLE,INFEASIBLE
BNIP3,OPTIMAL,OPTIMAL,OPTIMAL,OPTIMAL,OPTIMAL,OPTIMAL,OPTIMAL,INFEASIBLE
BNIP3L,OPTIMAL,OPTIMAL,OPTIMAL,OPTIMAL,OPTIMAL,OPTIMAL,OPTIMAL,INFEASIBLE
BOC,OPTIMAL,OPTIMAL,OPTIMAL,OPTIMAL,OPTIMAL,OPTIMAL,INFEASIBLE,INFEASIBLE
BOD1,OPTIMAL,OPTIMAL,OPTIMAL,OPTIMAL,OPTIMAL,OPTIMAL,INFEASIBLE,INFEASIBLE
BOD1L1,OPTIMAL,OPTIMAL,OPTIMAL,OPTIMAL,OPTIMAL,OPTIMAL,INFEASIBLE,INFEASIBLE
BOK,OPTIMAL,OPTIMAL,OPTIMAL,OPTIMAL,OPTIMAL,OPTIMAL,OPTIMAL,INFEASIBLE
BOLA1,OPTIMAL,OPTIMAL,OPTIMAL,OPTIMAL,OPTIMAL,OPTIMAL,OPTIMAL,INFEASIBLE
BOLA2B,OPTIMAL,OPTIMAL,OPTIMAL,OPTIMAL,OPTIMAL,OPTIMAL,INFEASIBLE,INFEASIBLE
BOLA3,OPTIMAL,OPTIMAL,OPTIMAL,OPTIMAL,OPTIMAL,OPTIMAL,INFEASIBLE,INFEASIBLE
BOP1,OPTIMAL,OPTIMAL,OPTIMAL,OPTIMAL,OPTIMAL,OPTIMAL,OPTIMAL,INFEASIBLE
BORA,OPTIMAL,OPTIMAL,INFEASIBLE,OPTIMAL,OPTIMAL,INFEASIBLE,INFEASIBLE,INFEASIBLE
BPGM,OPTIMAL,OPTIMAL,OPTIMAL,OPTIMAL,OPTIMAL,OPTIMAL,OPTIMAL,INFEASIBLE
BPNT1,INFEASIBLE,INFEASIBLE,INFEASIBLE,INFEASIBLE,INFEASIBLE,INFEASIBLE,INFEASIBLE,INFEASIBLE
BPTF,OPTIMAL,OPTIMAL,INFEASIBLE,OPTIMAL,OPTIMAL,INFEASIBLE,INFEASIBLE,INFEASIBLE
BRAF,INFEASIBLE,INFEASIBLE,INFEASIBLE,INFEASIBLE,INFEASIBLE,INFEASIBLE,INFEASIBLE,INFEASIBLE
BRAP,OPTIMAL,OPTIMAL,OPTIMAL,OPTIMAL,OPTIMAL,OPTIMAL,OPTIMAL,INFEASIBLE
BRAT1,OPTIMAL,OPTIMAL,INFEASIBLE,OPTIMAL,OPTIMAL,OPTIMAL,INFEASIBLE,INFEASIBLE
BRCA1,OPTIMAL,OPTIMAL,OPTIMAL,OPTIMAL,OPTIMAL,INFEASIBLE,INFEASIBLE,INFEASIBLE
BRCA2,OPTIMAL,OPTIMAL,INFEASIBLE,OPTIMAL,OPTIMAL,INFEASIBLE,INFEASIBLE,INFEASIBLE
BRCC3,OPTIMAL,OPTIMAL,OPTIMAL,OPTIMAL,OPTIMAL,OPTIMAL,INFEASIBLE,INFEASIBLE
BRD1,OPTIMAL,OPTIMAL,INFEASIBLE,OPTIMAL,OPTIMAL,INFEASIBLE,INFEASIBLE,INFEASIBLE
BRD2,OPTIMAL,OPTIMAL,OPTIMAL,OPTIMAL,OPTIMAL,OPTIMAL,OPTIMAL,INFEASIBLE
BRD3,OPTIMAL,OPTIMAL,OPTIMAL,OPTIMAL,OPTIMAL,OPTIMAL,INFEASIBLE,INFEASIBLE
BRD4,OPTIMAL,OPTIMAL,OPTIMAL,OPTIMAL,OPTIMAL,CUT_LIMIT,OPTIMAL,CUT_LIMIT
BRD7,OPTIMAL,INFEASIBLE,INFEASIBLE,OPTIMAL,OPTIMAL,OPTIMAL,INFEASIBLE,INFEASIBLE
BRD8,OPTIMAL,OPTIMAL,OPTIMAL,OPTIMAL,OPTIMAL,OPTIMAL,INFEASIBLE,INFEASIBLE
BRD9,OPTIMAL,OPTIMAL,OPTIMAL,OPTIMAL,OPTIMAL,INFEASIBLE,INFEASIBLE,INFEASIBLE
BRF1,OPTIMAL,OPTIMAL,INFEASIBLE,OPTIMAL,OPTIMAL,INFEASIBLE,INFEASIBLE,INFEASIBLE
BRI3,OPTIMAL,OPTIMAL,OPTIMAL,OPTIMAL,OPTIMAL,OPTIMAL,INFEASIBLE,INFEASIBLE
BRI3BP,INFEASIBLE,INFEASIBLE,INFEASIBLE,OPTIMAL,OPTIMAL,OPTIMAL,INFEASIBLE,INFEASIBLE
BRIP1,OPTIMAL,OPTIMAL,OPTIMAL,OPTIMAL,OPTIMAL,OPTIMAL,INFEASIBLE,INFEASIBLE
BRIX1,OPTIMAL,OPTIMAL,OPTIMAL,OPTIMAL,OPTIMAL,OPTIMAL,OPTIMAL,INFEASIBLE
BRK1,OPTIMAL,OPTIMAL,OPTIMAL,OPTIMAL,OPTIMAL,OPTIMAL,INFEASIBLE,INFEASIBLE
BRMS1,OPTIMAL,OPTIMAL,OPTIMAL,OPTIMAL,OPTIMAL,OPTIMAL,OPTIMAL,INFEASIBLE
BRMS1L,OPTIMAL,OPTIMAL,INFEASIBLE,OPTIMAL,OPTIMAL,INFEASIBLE,INFEASIBLE,INFEASIBLE
BROX,OPTIMAL,OPTIMAL,OPTIMAL,OPTIMAL,OPTIMAL,OPTIMAL,INFEASIBLE,INFEASIBLE
BRPF1,OPTIMAL,OPTIMAL,OPTIMAL,OPTIMAL,OPTIMAL,OPTIMAL,OPTIMAL,OPTIMAL
BRPF3,OPTIMAL,OPTIMAL,OPTIMAL,OPTIMAL,OPTIMAL,OPTIMAL,INFEASIBLE,INFEASIBLE
BRWD1,OPTIMAL,OPTIMAL,OPTIMAL,OPTIMAL,OPTIMAL,OPTIMAL,INFEASIBLE,INFEASIBLE
BSDC1,OPTIMAL,OPTIMAL,OPTIMAL,OPTIMAL,OPTIMAL,OPTIMAL,INFEASIBLE,INFEASIBLE
BSG,OPTIMAL,OPTIMAL,OPTIMAL,OPTIMAL,OPTIMAL,OPTIMAL,INFEASIBLE,INFEASIBLE
BST1,OPTIMAL,OPTIMAL,OPTIMAL,OPTIMAL,OPTIMAL,OPTIMAL,OPTIMAL,INFEASIBLE
BTAF1,OPTIMAL,OPTIMAL,OPTIMAL,OPTIMAL,OPTIMAL,OPTIMAL,INFEASIBLE,INFEASIBLE
BTBD1,OPTIMAL,OPTIMAL,OPTIMAL,OPTIMAL,OPTIMAL,OPTIMAL,OPTIMAL,INFEASIBLE
BTBD10,OPTIMAL,OPTIMAL,OPTIMAL,OPTIMAL,OPTIMAL,OPTIMAL,INFEASIBLE,INFEASIBLE
BTBD2,OPTIMAL,OPTIMAL,INFEASIBLE,OPTIMAL,OPTIMAL,INFEASIBLE,INFEASIBLE,INFEASIBLE
BTBD3,OPTIMAL,OPTIMAL,OPTIMAL,OPTIMAL,OPTIMAL,OPTIMAL,INFEASIBLE,INFEASIBLE
BTBD6,OPTIMAL,OPTIMAL,OPTIMAL,OPTIMAL,OPTIMAL,OPTIMAL,OPTIMAL,INFEASIBLE
BTBD7,OPTIMAL,INFEASIBLE,INFEASIBLE,OPTIMAL,OPTIMAL,OPTIMAL,INFEASIBLE,INFEASIBLE
BTD,OPTIMAL,OPTIMAL,INFEASIBLE,OPTIMAL,OPTIMAL,INFEASIBLE,INFEASIBLE,INFEASIBLE
BTF3,OPTIMAL,OPTIMAL,OPTIMAL,OPTIMAL,OPTIMAL,CUT_LIMIT,INFEASIBLE,INFEASIBLE
BTF3L4,OPTIMAL,OPTIMAL,OPTIMAL,OPTIMAL,OPTIMAL,OPTIMAL,INFEASIBLE,INFEASIBLE
BTG1,OPTIMAL,OPTIMAL,OPTIMAL,OPTIMAL,OPTIMAL,OPTIMAL,INFEASIBLE,INFEASIBLE
BTG2,OPTIMAL,OPTIMAL,OPTIMAL,OPTIMAL,OPTIMAL,OPTIMAL,OPTIMAL,INFEASIBLE
BTG3,OPTIMAL,OPTIMAL,OPTIMAL,OPTIMAL,OPTIMAL,OPTIMAL,INFEASIBLE,INFEASIBLE
BTN2A1,OPTIMAL,INFEASIBLE,INFEASIBLE,OPTIMAL,INFEASIBLE,INFEASIBLE,INFEASIBLE,INFEASIBLE
BTN3A2,OPTIMAL,OPTIMAL,INFEASIBLE,OPTIMAL,INFEASIBLE,INFEASIBLE,INFEASIBLE,INFEASIBLE
BTRC,OPTIMAL,OPTIMAL,OPTIMAL,OPTIMAL,OPTIMAL,OPTIMAL,OPTIMAL,INFEASIBLE
BUB1,OPTIMAL,OPTIMAL,OPTIMAL,OPTIMAL,OPTIMAL,OPTIMAL,INFEASIBLE,INFEASIBLE
BUB1B,OPTIMAL,OPTIMAL,OPTIMAL,OPTIMAL,OPTIMAL,OPTIMAL,INFEASIBLE,INFEASIBLE
BUB3,OPTIMAL,OPTIMAL,INFEASIBLE,OPTIMAL,OPTIMAL,OPTIMAL,INFEASIBLE,INFEASIBLE
BUD13,INFEASIBLE,INFEASIBLE,INFEASIBLE,OPTIMAL,OPTIMAL,OPTIMAL,INFEASIBLE,INFEASIBLE
BUD31,OPTIMAL,OPTIMAL,OPTIMAL,OPTIMAL,OPTIMAL,OPTIMAL,INFEASIBLE,INFEASIBLE
BVES,OPTIMAL,OPTIMAL,OPTIMAL,OPTIMAL,OPTIMAL,OPTIMAL,INFEASIBLE,INFEASIBLE
BYSL,OPTIMAL,OPTIMAL,OPTIMAL,OPTIMAL,OPTIMAL,OPTIMAL,OPTIMAL,INFEASIBLE
BZW1,OPTIMAL,OPTIMAL,OPTIMAL,OPTIMAL,OPTIMAL,OPTIMAL,INFEASIBLE,INFEASIBLE
BZW2,OPTIMAL,OPTIMAL,INFEASIBLE,OPTIMAL,OPTIMAL,INFEASIBLE,INFEASIBLE,INFEASIBLE
C10orf88,OPTIMAL,OPTIMAL,OPTIMAL,OPTIMAL,OPTIMAL,OPTIMAL,INFEASIBLE,INFEASIBLE
C11orf24,OPTIMAL,OPTIMAL,OPTIMAL,OPTIMAL,OPTIMAL,OPTIMAL,INFEASIBLE,INFEASIBLE
C11orf54,OPTIMAL,OPTIMAL,OPTIMAL,OPTIMAL,OPTIMAL,INFEASIBLE,INFEASIBLE,INFEASIBLE
C11orf58,OPTIMAL,OPTIMAL,OPTIMAL,OPTIMAL,OPTIMAL,OPTIMAL,INFEASIBLE,INFEASIBLE
C11orf68,OPTIMAL,OPTIMAL,OPTIMAL,OPTIMAL,OPTIMAL,OPTIMAL,INFEASIBLE,INFEASIBLE
C12orf43,OPTIMAL,OPTIMAL,OPTIMAL,OPTIMAL,OPTIMAL,OPTIMAL,INFEASIBLE,INFEASIBLE
C12orf57,OPTIMAL,OPTIMAL,INFEASIBLE,OPTIMAL,OPTIMAL,INFEASIBLE,INFEASIBLE,INFEASIBLE
C12orf75,OPTIMAL,OPTIMAL,OPTIMAL,OPTIMAL,OPTIMAL,CUT_LIMIT,INFEASIBLE,INFEASIBLE
C12orf76,OPTIMAL,INFEASIBLE,INFEASIBLE,OPTIMAL,INFEASIBLE,INFEASIBLE,INFEASIBLE,INFEASIBLE
C14orf119,OPTIMAL,OPTIMAL,OPTIMAL,OPTIMAL,OPTIMAL,OPTIMAL,OPTIMAL,INFEASIBLE
C14orf132,OPTIMAL,INFEASIBLE,INFEASIBLE,OPTIMAL,INFEASIBLE,INFEASIBLE,INFEASIBLE,INFEASIBLE
C15orf39,OPTIMAL,OPTIMAL,INFEASIBLE,OPTIMAL,OPTIMAL,INFEASIBLE,INFEASIBLE,INFEASIBLE
C15orf40,OPTIMAL,OPTIMAL,OPTIMAL,OPTIMAL,OPTIMAL,OPTIMAL,OPTIMAL,INFEASIBLE
C15orf61,OPTIMAL,OPTIMAL,OPTIMAL,OPTIMAL,OPTIMAL,OPTIMAL,INFEASIBLE,INFEASIBLE
C16orf74,OPTIMAL,OPTIMAL,INFEASIBLE,OPTIMAL,INFEASIBLE,INFEASIBLE,INFEASIBLE,INFEASIBLE
C16orf87,OPTIMAL,OPTIMAL,OPTIMAL,OPTIMAL,OPTIMAL,OPTIMAL,INFEASIBLE,INFEASIBLE
C17orf58,OPTIMAL,OPTIMAL,INFEASIBLE,OPTIMAL,OPTIMAL,INFEASIBLE,INFEASIBLE,INFEASIBLE
C17orf67,OPTIMAL,INFEASIBLE,INFEASIBLE,OPTIMAL,INFEASIBLE,INFEASIBLE,INFEASIBLE,INFEASIBLE
C17orf75,INFEASIBLE,INFEASIBLE,INFEASIBLE,OPTIMAL,OPTIMAL,OPTIMAL,INFEASIBLE,INFEASIBLE
C18orf21,OPTIMAL,OPTIMAL,OPTIMAL,OPTIMAL,OPTIMAL,INFEASIBLE,INFEASIBLE,INFEASIBLE
C18orf54,OPTIMAL,OPTIMAL,INFEASIBLE,OPTIMAL,INFEASIBLE,INFEASIBLE,INFEASIBLE,INFEASIBLE
C19orf12,OPTIMAL,OPTIMAL,OPTIMAL,OPTIMAL,OPTIMAL,OPTIMAL,INFEASIBLE,INFEASIBLE
C19orf25,OPTIMAL,OPTIMAL,INFEASIBLE,OPTIMAL,OPTIMAL,OPTIMAL,INFEASIBLE,INFEASIBLE
C19orf53,OPTIMAL,OPTIMAL,OPTIMAL,OPTIMAL,OPTIMAL,OPTIMAL,INFEASIBLE,INFEASIBLE
C1D,OPTIMAL,OPTIMAL,OPTIMAL,OPTIMAL,OPTIMAL,OPTIMAL,OPTIMAL,INFEASIBLE
C1GALT1,OPTIMAL,OPTIMAL,INFEASIBLE,OPTIMAL,OPTIMAL,OPTIMAL,INFEASIBLE,INFEASIBLE
C1GALT1C1,OPTIMAL,OPTIMAL,INFEASIBLE,OPTIMAL,OPTIMAL,OPTIMAL,INFEASIBLE,INFEASIBLE
C1orf122,OPTIMAL,OPTIMAL,OPTIMAL,OPTIMAL,OPTIMAL,OPTIMAL,OPTIMAL,INFEASIBLE
C1orf131,OPTIMAL,OPTIMAL,OPTIMAL,OPTIMAL,OPTIMAL,OPTIMAL,INFEASIBLE,INFEASIBLE
C1orf159,OPTIMAL,OPTIMAL,INFEASIBLE,OPTIMAL,OPTIMAL,INFEASIBLE,INFEASIBLE,INFEASIBLE
C1orf174,OPTIMAL,OPTIMAL,INFEASIBLE,OPTIMAL,OPTIMAL,OPTIMAL,INFEASIBLE,INFEASIBLE
C1orf198,OPTIMAL,OPTIMAL,INFEASIBLE,OPTIMAL,OPTIMAL,INFEASIBLE,INFEASIBLE,INFEASIBLE
C1orf21,OPTIMAL,OPTIMAL,OPTIMAL,OPTIMAL,OPTIMAL,OPTIMAL,INFEASIBLE,INFEASIBLE
C1orf216,OPTIMAL,OPTIMAL,OPTIMAL,OPTIMAL,OPTIMAL,OPTIMAL,OPTIMAL,INFEASIBLE
C1orf35,OPTIMAL,OPTIMAL,OPTIMAL,OPTIMAL,OPTIMAL,OPTIMAL,OPTIMAL,INFEASIBLE
C1orf43,OPTIMAL,INFEASIBLE,INFEASIBLE,OPTIMAL,OPTIMAL,OPTIMAL,INFEASIBLE,INFEASIBLE
C1orf50,OPTIMAL,OPTIMAL,OPTIMAL,OPTIMAL,OPTIMAL,OPTIMAL,OPTIMAL,INFEASIBLE
C1orf52,INFEASIBLE,INFEASIBLE,INFEASIBLE,OPTIMAL,OPTIMAL,OPTIMAL,INFEASIBLE,INFEASIBLE
C1orf53,OPTIMAL,OPTIMAL,OPTIMAL,OPTIMAL,OPTIMAL,OPTIMAL,OPTIMAL,INFEASIBLE
C1orf56,OPTIMAL,OPTIMAL,OPTIMAL,OPTIMAL,OPTIMAL,OPTIMAL,OPTIMAL,INFEASIBLE
C1orf74,OPTIMAL,OPTIMAL,INFEASIBLE,OPTIMAL,OPTIMAL,OPTIMAL,INFEASIBLE,INFEASIBLE
C1QBP,OPTIMAL,OPTIMAL,INFEASIBLE,OPTIMAL,OPTIMAL,OPTIMAL,OPTIMAL,OPTIMAL
C1QTNF2,OPTIMAL,INFEASIBLE,INFEASIBLE,OPTIMAL,INFEASIBLE,INFEASIBLE,INFEASIBLE,INFEASIBLE
C1R,OPTIMAL,OPTIMAL,OPTIMAL,OPTIMAL,OPTIMAL,OPTIMAL,OPTIMAL,INFEASIBLE
C1S,OPTIMAL,OPTIMAL,OPTIMAL,OPTIMAL,OPTIMAL,INFEASIBLE,INFEASIBLE,INFEASIBLE
C20orf96,OPTIMAL,OPTIMAL,OPTIMAL,OPTIMAL,OPTIMAL,OPTIMAL,INFEASIBLE,INFEASIBLE
C21orf58,OPTIMAL,OPTIMAL,OPTIMAL,OPTIMAL,OPTIMAL,OPTIMAL,INFEASIBLE,INFEASIBLE
C21orf91,OPTIMAL,OPTIMAL,OPTIMAL,OPTIMAL,OPTIMAL,OPTIMAL,INFEASIBLE,INFEASIBLE
C22orf39,OPTIMAL,OPTIMAL,OPTIMAL,OPTIMAL,OPTIMAL,OPTIMAL,OPTIMAL,INFEASIBLE
C2CD2,OPTIMAL,OPTIMAL,OPTIMAL,OPTIMAL,OPTIMAL,OPTIMAL,INFEASIBLE,INFEASIBLE
C2CD2L,OPTIMAL,OPTIMAL,OPTIMAL,OPTIMAL,OPTIMAL,OPTIMAL,OPTIMAL,INFEASIBLE
C2CD3,OPTIMAL,OPTIMAL,OPTIMAL,OPTIMAL,OPTIMAL,OPTIMAL,INFEASIBLE,INFEASIBLE
C2CD5,OPTIMAL,OPTIMAL,OPTIMAL,OPTIMAL,OPTIMAL,OPTIMAL,OPTIMAL,INFEASIBLE
C2orf42,OPTIMAL,OPTIMAL,INFEASIBLE,OPTIMAL,OPTIMAL,INFEASIBLE,INFEASIBLE,INFEASIBLE
C2orf49,OPTIMAL,OPTIMAL,OPTIMAL,OPTIMAL,OPTIMAL,OPTIMAL,OPTIMAL,INFEASIBLE
C2orf68,OPTIMAL,OPTIMAL,INFEASIBLE,OPTIMAL,OPTIMAL,INFEASIBLE,INFEASIBLE,INFEASIBLE
C2orf69,OPTIMAL,OPTIMAL,OPTIMAL,OPTIMAL,OPTIMAL,INFEASIBLE,INFEASIBLE,INFEASIBLE
C2orf74,OPTIMAL,OPTIMAL,OPTIMAL,OPTIMAL,OPTIMAL,OPTIMAL,INFEASIBLE,INFEASIBLE
C2orf76,OPTIMAL,OPTIMAL,OPTIMAL,OPTIMAL,OPTIMAL,OPTIMAL,OPTIMAL,INFEASIBLE
C2orf81,OPTIMAL,OPTIMAL,OPTIMAL,OPTIMAL,OPTIMAL,OPTIMAL,INFEASIBLE,INFEASIBLE
C3orf18,INFEASIBLE,INFEASIBLE,INFEASIBLE,INFEASIBLE,INFEASIBLE,INFEASIBLE,INFEASIBLE,INFEASIBLE
C3orf38,OPTIMAL,OPTIMAL,OPTIMAL,OPTIMAL,OPTIMAL,OPTIMAL,OPTIMAL,INFEASIBLE
C3orf70,OPTIMAL,OPTIMAL,OPTIMAL,OPTIMAL,OPTIMAL,OPTIMAL,INFEASIBLE,INFEASIBLE
C4orf3,OPTIMAL,OPTIMAL,OPTIMAL,OPTIMAL,OPTIMAL,OPTIMAL,OPTIMAL,OPTIMAL
C4orf33,OPTIMAL,OPTIMAL,OPTIMAL,OPTIMAL,OPTIMAL,OPTIMAL,OPTIMAL,INFEASIBLE
C4orf36,OPTIMAL,OPTIMAL,INFEASIBLE,OPTIMAL,OPTIMAL,INFEASIBLE,INFEASIBLE,INFEASIBLE
C4orf46,INFEASIBLE,INFEASIBLE,INFEASIBLE,INFEASIBLE,INFEASIBLE,INFEASIBLE,INFEASIBLE,INFEASIBLE
C5orf15,OPTIMAL,OPTIMAL,OPTIMAL,OPTIMAL,OPTIMAL,OPTIMAL,INFEASIBLE,INFEASIBLE
C5orf22,OPTIMAL,OPTIMAL,INFEASIBLE,OPTIMAL,OPTIMAL,INFEASIBLE,INFEASIBLE,INFEASIBLE
C5orf24,OPTIMAL,OPTIMAL,OPTIMAL,OPTIMAL,OPTIMAL,OPTIMAL,INFEASIBLE,INFEASIBLE
C5orf34,OPTIMAL,OPTIMAL,INFEASIBLE,OPTIMAL,INFEASIBLE,INFEASIBLE,INFEASIBLE,INFEASIBLE
C5orf63,OPTIMAL,OPTIMAL,INFEASIBLE,OPTIMAL,OPTIMAL,OPTIMAL,INFEASIBLE,INFEASIBLE
C6orf120,OPTIMAL,OPTIMAL,OPTIMAL,OPTIMAL,OPTIMAL,OPTIMAL,INFEASIBLE,INFEASIBLE
C6orf136,OPTIMAL,OPTIMAL,OPTIMAL,OPTIMAL,OPTIMAL,OPTIMAL,OPTIMAL,INFEASIBLE
C6orf226,OPTIMAL,OPTIMAL,OPTIMAL,OPTIMAL,OPTIMAL,INFEASIBLE,INFEASIBLE,INFEASIBLE
C6orf62,OPTIMAL,OPTIMAL,OPTIMAL,OPTIMAL,OPTIMAL,OPTIMAL,OPTIMAL,INFEASIBLE
C6orf89,OPTIMAL,OPTIMAL,OPTIMAL,OPTIMAL,OPTIMAL,OPTIMAL,INFEASIBLE,INFEASIBLE
C7orf50,OPTIMAL,OPTIMAL,OPTIMAL,OPTIMAL,OPTIMAL,OPTIMAL,OPTIMAL,INFEASIBLE
C8orf33,OPTIMAL,OPTIMAL,OPTIMAL,OPTIMAL,OPTIMAL,OPTIMAL,OPTIMAL,INFEASIBLE
C8orf48,OPTIMAL,OPTIMAL,OPTIMAL,OPTIMAL,OPTIMAL,OPTIMAL,INFEASIBLE,INFEASIBLE
C8orf58,OPTIMAL,OPTIMAL,OPTIMAL,OPTIMAL,OPTIMAL,OPTIMAL,OPTIMAL,INFEASIBLE
C8orf76,OPTIMAL,OPTIMAL,OPTIMAL,OPTIMAL,OPTIMAL,OPTIMAL,INFEASIBLE,INFEASIBLE
C8orf82,OPTIMAL,OPTIMAL,INFEASIBLE,OPTIMAL,OPTIMAL,OPTIMAL,INFEASIBLE,INFEASIBLE
C8orf88,OPTIMAL,INFEASIBLE,INFEASIBLE,OPTIMAL,INFEASIBLE,INFEASIBLE,INFEASIBLE,INFEASIBLE
C9orf40,INFEASIBLE,INFEASIBLE,INFEASIBLE,INFEASIBLE,INFEASIBLE,INFEASIBLE,INFEASIBLE,INFEASIBLE
C9orf72,OPTIMAL,OPTIMAL,OPTIMAL,OPTIMAL,OPTIMAL,OPTIMAL,INFEASIBLE,INFEASIBLE
C9orf78,OPTIMAL,OPTIMAL,OPTIMAL,OPTIMAL,OPTIMAL,OPTIMAL,OPTIMAL,INFEASIBLE
C9orf85,INFEASIBLE,INFEASIBLE,INFEASIBLE,INFEASIBLE,INFEASIBLE,INFEASIBLE,INFEASIBLE,INFEASIBLE
CA12,OPTIMAL,OPTIMAL,OPTIMAL,OPTIMAL,OPTIMAL,OPTIMAL,INFEASIBLE,INFEASIBLE
CA13,OPTIMAL,INFEASIBLE,INFEASIBLE,OPTIMAL,INFEASIBLE,INFEASIBLE,INFEASIBLE,INFEASIBLE
CA7,OPTIMAL,OPTIMAL,OPTIMAL,OPTIMAL,OPTIMAL,OPTIMAL,INFEASIBLE,INFEASIBLE
CAAP1,OPTIMAL,OPTIMAL,OPTIMAL,OPTIMAL,OPTIMAL,OPTIMAL,OPTIMAL,INFEASIBLE
CAB39,OPTIMAL,OPTIMAL,INFEASIBLE,OPTIMAL,OPTIMAL,OPTIMAL,INFEASIBLE,INFEASIBLE
CAB39L,OPTIMAL,OPTIMAL,INFEASIBLE,OPTIMAL,INFEASIBLE,INFEASIBLE,INFEASIBLE,INFEASIBLE
CABIN1,OPTIMAL,OPTIMAL,OPTIMAL,OPTIMAL,OPTIMAL,OPTIMAL,INFEASIBLE,INFEASIBLE
CABLES2,OPTIMAL,OPTIMAL,INFEASIBLE,OPTIMAL,OPTIMAL,CUT_LIMIT,INFEASIBLE,INFEASIBLE
CABYR,OPTIMAL,OPTIMAL,INFEASIBLE,OPTIMAL,OPTIMAL,INFEASIBLE,INFEASIBLE,INFEASIBLE
CACFD1,INFEASIBLE,INFEASIBLE,INFEASIBLE,OPTIMAL,OPTIMAL,OPTIMAL,INFEASIBLE,INFEASIBLE
CACNA1C,INFEASIBLE,INFEASIBLE,INFEASIBLE,INFEASIBLE,INFEASIBLE,INFEASIBLE,INFEASIBLE,INFEASIBLE
CACNA2D1,OPTIMAL,OPTIMAL,OPTIMAL,OPTIMAL,OPTIMAL,OPTIMAL,OPTIMAL,INFEASIBLE
CACNB3,OPTIMAL,OPTIMAL,OPTIMAL,OPTIMAL,OPTIMAL,OPTIMAL,OPTIMAL,INFEASIBLE
CACTIN,OPTIMAL,INFEASIBLE,INFEASIBLE,OPTIMAL,OPTIMAL,OPTIMAL,INFEASIBLE,INFEASIBLE
CACUL1,OPTIMAL,OPTIMAL,OPTIMAL,OPTIMAL,OPTIMAL,OPTIMAL,INFEASIBLE,INFEASIBLE
CACYBP,OPTIMAL,OPTIMAL,OPTIMAL,OPTIMAL,OPTIMAL,OPTIMAL,OPTIMAL,INFEASIBLE
CAD,OPTIMAL,OPTIMAL,OPTIMAL,OPTIMAL,OPTIMAL,OPTIMAL,OPTIMAL,INFEASIBLE
CADM2,OPTIMAL,OPTIMAL,OPTIMAL,OPTIMAL,OPTIMAL,OPTIMAL,OPTIMAL,OPTIMAL
CALCOCO1,OPTIMAL,OPTIMAL,OPTIMAL,OPTIMAL,OPTIMAL,OPTIMAL,INFEASIBLE,INFEASIBLE
CALCOCO2,OPTIMAL,OPTIMAL,OPTIMAL,OPTIMAL,OPTIMAL,OPTIMAL,OPTIMAL,INFEASIBLE
CALD1,OPTIMAL,OPTIMAL,OPTIMAL,OPTIMAL,OPTIMAL,OPTIMAL,INFEASIBLE,INFEASIBLE
CALHM2,OPTIMAL,OPTIMAL,OPTIMAL,OPTIMAL,OPTIMAL,INFEASIBLE,INFEASIBLE,INFEASIBLE
CALM1,OPTIMAL,OPTIMAL,INFEASIBLE,OPTIMAL,OPTIMAL,CUT_LIMIT,INFEASIBLE,INFEASIBLE
CALM2,OPTIMAL,OPTIMAL,INFEASIBLE,OPTIMAL,OPTIMAL,OPTIMAL,INFEASIBLE,INFEASIBLE
CALM3,OPTIMAL,OPTIMAL,OPTIMAL,OPTIMAL,OPTIMAL,OPTIMAL,OPTIMAL,INFEASIBLE
CALR,OPTIMAL,OPTIMAL,OPTIMAL,OPTIMAL,OPTIMAL,OPTIMAL,INFEASIBLE,INFEASIBLE
CALU,OPTIMAL,OPTIMAL,OPTIMAL,OPTIMAL,OPTIMAL,OPTIMAL,INFEASIBLE,INFEASIBLE
CAMK2B,OPTIMAL,OPTIMAL,INFEASIBLE,OPTIMAL,OPTIMAL,INFEASIBLE,OPTIMAL,INFEASIBLE
CAMK2D,OPTIMAL,OPTIMAL,INFEASIBLE,OPTIMAL,OPTIMAL,OPTIMAL,INFEASIBLE,INFEASIBLE
CAMK2G,OPTIMAL,OPTIMAL,INFEASIBLE,OPTIMAL,OPTIMAL,INFEASIBLE,INFEASIBLE,INFEASIBLE
CAMK2N1,OPTIMAL,OPTIMAL,OPTIMAL,OPTIMAL,OPTIMAL,OPTIMAL,INFEASIBLE,INFEASIBLE
CAMK4,OPTIMAL,OPTIMAL,OPTIMAL,OPTIMAL,OPTIMAL,OPTIMAL,INFEASIBLE,INFEASIBLE
CAMKK1,OPTIMAL,INFEASIBLE,INFEASIBLE,OPTIMAL,INFEASIBLE,INFEASIBLE,INFEASIBLE,INFEASIBLE
CAMKK2,OPTIMAL,OPTIMAL,OPTIMAL,OPTIMAL,OPTIMAL,OPTIMAL,OPTIMAL,INFEASIBLE
CAMLG,OPTIMAL,OPTIMAL,OPTIMAL,OPTIMAL,OPTIMAL,OPTIMAL,OPTIMAL,INFEASIBLE
CAMSAP1,OPTIMAL,OPTIMAL,OPTIMAL,OPTIMAL,OPTIMAL,OPTIMAL,OPTIMAL,INFEASIBLE
CAMSAP2,OPTIMAL,OPTIMAL,CUT_LIMIT,OPTIMAL,OPTIMAL,OPTIMAL,INFEASIBLE,INFEASIBLE
CAMTA1,OPTIMAL,OPTIMAL,OPTIMAL,OPTIMAL,OPTIMAL,OPTIMAL,INFEASIBLE,INFEASIBLE
CAMTA2,OPTIMAL,OPTIMAL,INFEASIBLE,OPTIMAL,OPTIMAL,INFEASIBLE,INFEASIBLE,INFEASIBLE
CAND1,OPTIMAL,INFEASIBLE,INFEASIBLE,OPTIMAL,OPTIMAL,OPTIMAL,INFEASIBLE,INFEASIBLE
CANT1,OPTIMAL,OPTIMAL,OPTIMAL,OPTIMAL,OPTIMAL,OPTIMAL,OPTIMAL,OPTIMAL
CANX,OPTIMAL,OPTIMAL,OPTIMAL,OPTIMAL,OPTIMAL,OPTIMAL,INFEASIBLE,INFEASIBLE
CAP1,OPTIMAL,OPTIMAL,OPTIMAL,OPTIMAL,OPTIMAL,OPTIMAL,INFEASIBLE,INFEASIBLE
CAP2,OPTIMAL,OPTIMAL,INFEASIBLE,OPTIMAL,OPTIMAL,INFEASIBLE,INFEASIBLE,INFEASIBLE
