,counts_d3_c95_status,counts_d3_c95_correlation,counts_d4_c95_status,counts_d4_c95_correlation,counts_d3_c50_status,counts_d3_c50_correlation
A4GALT,INFEASIBLE,,INFEASIBLE,,INFEASIBLE,
AAAS,INFEASIBLE,,INFEASIBLE,,INFEASIBLE,
AACS,INFEASIBLE,,INFEASIBLE,,INFEASIBLE,
AADAT,INFEASIBLE,,INFEASIBLE,,INFEASIBLE,
AAGAB,INFEASIBLE,,INFEASIBLE,,INFEASIBLE,
AAK1,INFEASIBLE,,INFEASIBLE,,INFEASIBLE,
AAMDC,INFEASIBLE,,INFEASIBLE,,INFEASIBLE,
AAMP,INFEASIBLE,,INFEASIBLE,,INFEASIBLE,
AAR2,INFEASIBLE,,INFEASIBLE,,INFEASIBLE,
AARS2,INFEASIBLE,,INFEASIBLE,,INFEASIBLE,
AASDH,INFEASIBLE,,INFEASIBLE,,INFEASIBLE,
AASDHPPT,INFEASIBLE,,INFEASIBLE,,INFEASIBLE,
AASS,INFEASIBLE,,INFEASIBLE,,INFEASIBLE,
AATF,INFEASIBLE,,INFEASIBLE,,INFEASIBLE,
ABCA1,INFEASIBLE,,INFEASIBLE,,INFEASIBLE,
ABCA5,INFEASIBLE,,INFEASIBLE,,INFEASIBLE,
ABCA6,INFEASIBLE,,INFEASIBLE,,INFEASIBLE,
ABCB10,INFEASIBLE,,INFEASIBLE,,INFEASIBLE,
ABCB7,INFEASIBLE,,INFEASIBLE,,INFEASIBLE,
ABCB8,INFEASIBLE,,INFEASIBLE,,INFEASIBLE,
ABCC1,INFEASIBLE,,INFEASIBLE,,INFEASIBLE,
ABCC10,INFEASIBLE,,INFEASIBLE,,INFEASIBLE,
ABCC3,OPTIMAL,-0.2153023314908005,OPTIMAL,-0.2943883987356835,INFEASIBLE,
ABCC4,INFEASIBLE,,INFEASIBLE,,INFEASIBLE,
ABCC5,INFEASIBLE,,INFEASIBLE,,INFEASIBLE,
ABCD1,OPTIMAL,-0.610285413406224,OPTIMAL,-0.4685478866881117,INFEASIBLE,
ABCD3,INFEASIBLE,,INFEASIBLE,,INFEASIBLE,
ABCD4,INFEASIBLE,,INFEASIBLE,,INFEASIBLE,
ABCE1,INFEASIBLE,,INFEASIBLE,,INFEASIBLE,
ABCF1,INFEASIBLE,,INFEASIBLE,,INFEASIBLE,
ABCF2,INFEASIBLE,,INFEASIBLE,,INFEASIBLE,
ABCF3,INFEASIBLE,,INFEASIBLE,,INFEASIBLE,
ABCG1,OPTIMAL,6.655370859955097e-09,OPTIMAL,0.0,INFEASIBLE,
ABHD10,INFEASIBLE,,INFEASIBLE,,INFEASIBLE,
ABHD11,INFEASIBLE,,INFEASIBLE,,INFEASIBLE,
ABHD12,INFEASIBLE,,INFEASIBLE,,INFEASIBLE,
ABHD13,INFEASIBLE,,INFEASIBLE,,INFEASIBLE,
ABHD14B,INFEASIBLE,,INFEASIBLE,,INFEASIBLE,
ABHD15,INFEASIBLE,,INFEASIBLE,,INFEASIBLE,
ABHD17A,OPTIMAL,-0.2665166044261058,OPTIMAL,-0.4209415254491427,INFEASIBLE,
ABHD17B,INFEASIBLE,,INFEASIBLE,,INFEASIBLE,
ABHD17C,INFEASIBLE,,INFEASIBLE,,INFEASIBLE,
ABHD2,INFEASIBLE,,INFEASIBLE,,INFEASIBLE,
ABHD3,INFEASIBLE,,INFEASIBLE,,INFEASIBLE,
ABHD4,INFEASIBLE,,INFEASIBLE,,INFEASIBLE,
ABHD5,INFEASIBLE,,INFEASIBLE,,INFEASIBLE,
ABI1,INFEASIBLE,,INFEASIBLE,,INFEASIBLE,
ABI2,INFEASIBLE,,INFEASIBLE,,INFEASIBLE,
ABI3BP,INFEASIBLE,,INFEASIBLE,,INFEASIBLE,
ABL1,INFEASIBLE,,INFEASIBLE,,INFEASIBLE,
ABL2,INFEASIBLE,,INFEASIBLE,,INFEASIBLE,
ABLIM3,INFEASIBLE,,INFEASIBLE,,INFEASIBLE,
ABR,INFEASIBLE,,INFEASIBLE,,INFEASIBLE,
ABRACL,INFEASIBLE,,INFEASIBLE,,INFEASIBLE,
ABT1,INFEASIBLE,,INFEASIBLE,,INFEASIBLE,
ABTB1,INFEASIBLE,,INFEASIBLE,,INFEASIBLE,
ACAA1,INFEASIBLE,,INFEASIBLE,,INFEASIBLE,
ACAA2,INFEASIBLE,,INFEASIBLE,,INFEASIBLE,
ACACA,INFEASIBLE,,INFEASIBLE,,INFEASIBLE,
ACAD8,INFEASIBLE,,INFEASIBLE,,INFEASIBLE,
ACAD9,INFEASIBLE,,INFEASIBLE,,INFEASIBLE,
ACADM,INFEASIBLE,,INFEASIBLE,,INFEASIBLE,
ACADS,OPTIMAL,-0.0630171511836252,INFEASIBLE,,INFEASIBLE,
ACADSB,INFEASIBLE,,INFEASIBLE,,INFEASIBLE,
ACADVL,INFEASIBLE,,INFEASIBLE,,INFEASIBLE,
ACAP1,INFEASIBLE,,INFEASIBLE,,INFEASIBLE,
ACAP2,INFEASIBLE,,INFEASIBLE,,INFEASIBLE,
ACAT1,INFEASIBLE,,INFEASIBLE,,INFEASIBLE,
ACAT2,INFEASIBLE,,INFEASIBLE,,INFEASIBLE,
ACBD3,INFEASIBLE,,INFEASIBLE,,INFEASIBLE,
ACBD5,INFEASIBLE,,INFEASIBLE,,INFEASIBLE,
ACBD6,INFEASIBLE,,INFEASIBLE,,INFEASIBLE,
ACD,INFEASIBLE,,INFEASIBLE,,INFEASIBLE,
ACER3,INFEASIBLE,,INFEASIBLE,,INFEASIBLE,
ACIN1,INFEASIBLE,,INFEASIBLE,,INFEASIBLE,
ACLY,INFEASIBLE,,INFEASIBLE,,INFEASIBLE,
ACO1,INFEASIBLE,,INFEASIBLE,,INFEASIBLE,
ACO2,INFEASIBLE,,INFEASIBLE,,INFEASIBLE,
ACOT1,INFEASIBLE,,INFEASIBLE,,INFEASIBLE,
ACOT13,INFEASIBLE,,INFEASIBLE,,INFEASIBLE,
ACOT2,INFEASIBLE,,INFEASIBLE,,INFEASIBLE,
ACOT7,INFEASIBLE,,INFEASIBLE,,INFEASIBLE,
ACOT8,INFEASIBLE,,INFEASIBLE,,INFEASIBLE,
ACOT9,INFEASIBLE,,INFEASIBLE,,INFEASIBLE,
ACOX1,OPTIMAL,-0.2230675173414281,INFEASIBLE,,INFEASIBLE,
ACOX3,INFEASIBLE,,INFEASIBLE,,INFEASIBLE,
ACP1,INFEASIBLE,,INFEASIBLE,,INFEASIBLE,
ACP2,INFEASIBLE,,INFEASIBLE,,INFEASIBLE,
ACP6,INFEASIBLE,,INFEASIBLE,,INFEASIBLE,
ACSF3,INFEASIBLE,,INFEASIBLE,,INFEASIBLE,
ACSL1,INFEASIBLE,,INFEASIBLE,,INFEASIBLE,
ACSL3,INFEASIBLE,,INFEASIBLE,,INFEASIBLE,
ACSL4,INFEASIBLE,,INFEASIBLE,,INFEASIBLE,
ACSS2,INFEASIBLE,,INFEASIBLE,,INFEASIBLE,
ACSS3,INFEASIBLE,,INFEASIBLE,,INFEASIBLE,
ACTA2,INFEASIBLE,,INFEASIBLE,,INFEASIBLE,
ACTB,INFEASIBLE,,INFEASIBLE,,INFEASIBLE,
ACTG1,INFEASIBLE,,INFEASIBLE,,INFEASIBLE,
ACTL6A,INFEASIBLE,,INFEASIBLE,,INFEASIBLE,
ACTN1,INFEASIBLE,,INFEASIBLE,,INFEASIBLE,
ACTN4,INFEASIBLE,,INFEASIBLE,,INFEASIBLE,
ACTR10,INFEASIBLE,,INFEASIBLE,,INFEASIBLE,
ACTR1A,INFEASIBLE,,INFEASIBLE,,INFEASIBLE,
ACTR1B,INFEASIBLE,,INFEASIBLE,,INFEASIBLE,
ACTR2,INFEASIBLE,,INFEASIBLE,,INFEASIBLE,
ACTR3,INFEASIBLE,,INFEASIBLE,,INFEASIBLE,
ACTR5,INFEASIBLE,,INFEASIBLE,,INFEASIBLE,
ACTR6,INFEASIBLE,,INFEASIBLE,,INFEASIBLE,
ACTR8,INFEASIBLE,,INFEASIBLE,,INFEASIBLE,
ACVR1,INFEASIBLE,,INFEASIBLE,,INFEASIBLE,
ACVR1B,INFEASIBLE,,INFEASIBLE,,INFEASIBLE,
ACVR2A,OPTIMAL,5.536944793165291e-09,OPTIMAL,-0.1889314869124039,INFEASIBLE,
ACVRL1,INFEASIBLE,,INFEASIBLE,,INFEASIBLE,
ACYP1,INFEASIBLE,,INFEASIBLE,,INFEASIBLE,
ACYP2,INFEASIBLE,,INFEASIBLE,,INFEASIBLE,
ADA,OPTIMAL,-6.497321142332517e-09,OPTIMAL,-0.4010885041980369,INFEASIBLE,
ADAL,INFEASIBLE,,INFEASIBLE,,INFEASIBLE,
ADAM10,INFEASIBLE,,INFEASIBLE,,INFEASIBLE,
ADAM12,INFEASIBLE,,INFEASIBLE,,INFEASIBLE,
ADAM15,INFEASIBLE,,INFEASIBLE,,INFEASIBLE,
ADAM17,INFEASIBLE,,INFEASIBLE,,INFEASIBLE,
ADAM22,OPTIMAL,9.438523165302294e-10,OPTIMAL,2.8514910388580363e-08,OPTIMAL,1.28265484292716e-09
ADAM33,INFEASIBLE,,INFEASIBLE,,INFEASIBLE,
ADAM9,INFEASIBLE,,INFEASIBLE,,INFEASIBLE,
ADAMTS1,INFEASIBLE,,INFEASIBLE,,INFEASIBLE,
ADAMTS12,INFEASIBLE,,INFEASIBLE,,INFEASIBLE,
ADAMTS2,INFEASIBLE,,INFEASIBLE,,INFEASIBLE,
ADAMTS4,INFEASIBLE,,INFEASIBLE,,INFEASIBLE,
ADAMTS6,INFEASIBLE,,INFEASIBLE,,INFEASIBLE,
ADAMTSL1,INFEASIBLE,,INFEASIBLE,,INFEASIBLE,
ADAR,INFEASIBLE,,INFEASIBLE,,INFEASIBLE,
ADARB1,INFEASIBLE,,INFEASIBLE,,INFEASIBLE,
ADAT1,INFEASIBLE,,INFEASIBLE,,INFEASIBLE,
ADAT2,INFEASIBLE,,INFEASIBLE,,INFEASIBLE,
ADCK2,INFEASIBLE,,INFEASIBLE,,INFEASIBLE,
ADCK5,INFEASIBLE,,INFEASIBLE,,INFEASIBLE,
ADCY3,INFEASIBLE,,INFEASIBLE,,INFEASIBLE,
ADCY7,INFEASIBLE,,INFEASIBLE,,INFEASIBLE,
ADCY9,INFEASIBLE,,INFEASIBLE,,INFEASIBLE,
ADD1,INFEASIBLE,,INFEASIBLE,,INFEASIBLE,
ADD3,INFEASIBLE,,INFEASIBLE,,INFEASIBLE,
ADGRA2,INFEASIBLE,,INFEASIBLE,,INFEASIBLE,
ADGRA3,INFEASIBLE,,INFEASIBLE,,INFEASIBLE,
ADGRE5,INFEASIBLE,,INFEASIBLE,,INFEASIBLE,
ADGRG2,OPTIMAL,-0.4347594426275796,OPTIMAL,-0.7137659594827062,INFEASIBLE,
ADGRL2,INFEASIBLE,,INFEASIBLE,,INFEASIBLE,
ADGRL4,INFEASIBLE,,INFEASIBLE,,INFEASIBLE,
ADH5,INFEASIBLE,,INFEASIBLE,,INFEASIBLE,
ADI1,INFEASIBLE,,INFEASIBLE,,INFEASIBLE,
ADIPOR1,INFEASIBLE,,INFEASIBLE,,INFEASIBLE,
ADIPOR2,INFEASIBLE,,INFEASIBLE,,INFEASIBLE,
ADK,INFEASIBLE,,INFEASIBLE,,INFEASIBLE,
ADM,INFEASIBLE,,INFEASIBLE,,INFEASIBLE,
ADM5,OPTIMAL,-0.0573863808127868,OPTIMAL,-0.6286171151183033,INFEASIBLE,
ADNP,INFEASIBLE,,INFEASIBLE,,INFEASIBLE,
ADNP2,INFEASIBLE,,INFEASIBLE,,INFEASIBLE,
ADO,INFEASIBLE,,INFEASIBLE,,INFEASIBLE,
ADORA2B,INFEASIBLE,,INFEASIBLE,,INFEASIBLE,
ADPGK,INFEASIBLE,,INFEASIBLE,,INFEASIBLE,
ADRA1B,INFEASIBLE,,INFEASIBLE,,INFEASIBLE,
ADRB1,OPTIMAL,-0.1259452889525815,INFEASIBLE,,INFEASIBLE,
ADRB2,INFEASIBLE,,INFEASIBLE,,INFEASIBLE,
ADRM1,INFEASIBLE,,INFEASIBLE,,INFEASIBLE,
ADSL,INFEASIBLE,,INFEASIBLE,,INFEASIBLE,
AEBP1,INFEASIBLE,,INFEASIBLE,,INFEASIBLE,
AEBP2,INFEASIBLE,,INFEASIBLE,,INFEASIBLE,
AEN,INFEASIBLE,,INFEASIBLE,,INFEASIBLE,
AFAP1,INFEASIBLE,,INFEASIBLE,,INFEASIBLE,
AFAP1L1,INFEASIBLE,,INFEASIBLE,,INFEASIBLE,
AFF1,INFEASIBLE,,INFEASIBLE,,INFEASIBLE,
AFF4,INFEASIBLE,,INFEASIBLE,,INFEASIBLE,
AFG3L2,INFEASIBLE,,INFEASIBLE,,INFEASIBLE,
AFMID,OPTIMAL,-0.0295761588797272,INFEASIBLE,,INFEASIBLE,
AFTPH,INFEASIBLE,,INFEASIBLE,,INFEASIBLE,
AGA,INFEASIBLE,,INFEASIBLE,,INFEASIBLE,
AGAP1,INFEASIBLE,,INFEASIBLE,,INFEASIBLE,
AGAP3,INFEASIBLE,,INFEASIBLE,,INFEASIBLE,
AGAP6,INFEASIBLE,,INFEASIBLE,,INFEASIBLE,
AGBL5,INFEASIBLE,,INFEASIBLE,,INFEASIBLE,
AGFG1,INFEASIBLE,,INFEASIBLE,,INFEASIBLE,
AGFG2,INFEASIBLE,,INFEASIBLE,,INFEASIBLE,
AGGF1,INFEASIBLE,,INFEASIBLE,,INFEASIBLE,
AGK,INFEASIBLE,,INFEASIBLE,,INFEASIBLE,
AGL,INFEASIBLE,,INFEASIBLE,,INFEASIBLE,
AGO1,INFEASIBLE,,INFEASIBLE,,INFEASIBLE,
AGO2,INFEASIBLE,,INFEASIBLE,,INFEASIBLE,
AGO3,INFEASIBLE,,INFEASIBLE,,INFEASIBLE,
AGO4,INFEASIBLE,,INFEASIBLE,,INFEASIBLE,
AGPAT1,INFEASIBLE,,INFEASIBLE,,INFEASIBLE,
AGPAT2,INFEASIBLE,,INFEASIBLE,,INFEASIBLE,
AGPAT3,INFEASIBLE,,INFEASIBLE,,INFEASIBLE,
AGPAT4,INFEASIBLE,,INFEASIBLE,,INFEASIBLE,
AGPAT5,INFEASIBLE,,INFEASIBLE,,INFEASIBLE,
AGPS,INFEASIBLE,,INFEASIBLE,,INFEASIBLE,
AGTPBP1,INFEASIBLE,,INFEASIBLE,,INFEASIBLE,
AGTRAP,INFEASIBLE,,INFEASIBLE,,INFEASIBLE,
AHCTF1,INFEASIBLE,,INFEASIBLE,,INFEASIBLE,
AHCY,INFEASIBLE,,INFEASIBLE,,INFEASIBLE,
AHCYL1,INFEASIBLE,,INFEASIBLE,,INFEASIBLE,
AHDC1,INFEASIBLE,,INFEASIBLE,,INFEASIBLE,
AHI1,INFEASIBLE,,INFEASIBLE,,INFEASIBLE,
AHNAK,INFEASIBLE,,INFEASIBLE,,INFEASIBLE,
AHNAK2,INFEASIBLE,,INFEASIBLE,,INFEASIBLE,
AHR,INFEASIBLE,,INFEASIBLE,,INFEASIBLE,
AHRR,INFEASIBLE,,INFEASIBLE,,INFEASIBLE,
AHSA1,INFEASIBLE,,INFEASIBLE,,INFEASIBLE,
AIDA,INFEASIBLE,,INFEASIBLE,,INFEASIBLE,
AIFM1,INFEASIBLE,,INFEASIBLE,,INFEASIBLE,
AIFM2,INFEASIBLE,,INFEASIBLE,,INFEASIBLE,
AIG1,INFEASIBLE,,INFEASIBLE,,INFEASIBLE,
AIMP1,INFEASIBLE,,INFEASIBLE,,INFEASIBLE,
AIMP2,INFEASIBLE,,INFEASIBLE,,INFEASIBLE,
AIP,INFEASIBLE,,INFEASIBLE,,INFEASIBLE,
AJUBA,INFEASIBLE,,INFEASIBLE,,INFEASIBLE,
AK1,OPTIMAL,-0.396633980540036,INFEASIBLE,,INFEASIBLE,
AK2,INFEASIBLE,,INFEASIBLE,,INFEASIBLE,
AK3,INFEASIBLE,,INFEASIBLE,,INFEASIBLE,
AK4,OPTIMAL,-0.4569568184089727,INFEASIBLE,,INFEASIBLE,
AK5,INFEASIBLE,,INFEASIBLE,,INFEASIBLE,
AK6,INFEASIBLE,,INFEASIBLE,,INFEASIBLE,
AKAP1,INFEASIBLE,,INFEASIBLE,,INFEASIBLE,
AKAP10,INFEASIBLE,,INFEASIBLE,,INFEASIBLE,
AKAP11,INFEASIBLE,,INFEASIBLE,,INFEASIBLE,
AKAP12,INFEASIBLE,,INFEASIBLE,,INFEASIBLE,
AKAP13,INFEASIBLE,,INFEASIBLE,,INFEASIBLE,
AKAP17A,INFEASIBLE,,INFEASIBLE,,INFEASIBLE,
AKAP7,INFEASIBLE,,INFEASIBLE,,INFEASIBLE,
AKAP8,INFEASIBLE,,INFEASIBLE,,INFEASIBLE,
AKAP8L,INFEASIBLE,,INFEASIBLE,,INFEASIBLE,
AKAP9,INFEASIBLE,,INFEASIBLE,,INFEASIBLE,
AKIP1,INFEASIBLE,,INFEASIBLE,,INFEASIBLE,
AKIRIN1,INFEASIBLE,,INFEASIBLE,,INFEASIBLE,
AKIRIN2,INFEASIBLE,,INFEASIBLE,,INFEASIBLE,
AKNA,INFEASIBLE,,INFEASIBLE,,INFEASIBLE,
AKR1A1,INFEASIBLE,,INFEASIBLE,,INFEASIBLE,
AKR1B1,INFEASIBLE,,INFEASIBLE,,INFEASIBLE,
AKR1C1,INFEASIBLE,,INFEASIBLE,,INFEASIBLE,
AKR1C2,INFEASIBLE,,INFEASIBLE,,INFEASIBLE,
AKR1C3,INFEASIBLE,,INFEASIBLE,,INFEASIBLE,
AKR1E2,INFEASIBLE,,INFEASIBLE,,INFEASIBLE,
AKR7A2,INFEASIBLE,,INFEASIBLE,,INFEASIBLE,
AKT1,INFEASIBLE,,INFEASIBLE,,INFEASIBLE,
AKT1S1,OPTIMAL,1.1834296398667941e-09,INFEASIBLE,,INFEASIBLE,
AKT2,INFEASIBLE,,INFEASIBLE,,INFEASIBLE,
AKT3,OPTIMAL,-0.2410667847810014,INFEASIBLE,,INFEASIBLE,
AKTIP,INFEASIBLE,,INFEASIBLE,,INFEASIBLE,
ALAD,OPTIMAL,-0.2546215651699945,INFEASIBLE,,INFEASIBLE,
ALAS1,INFEASIBLE,,INFEASIBLE,,INFEASIBLE,
ALCAM,INFEASIBLE,,INFEASIBLE,,INFEASIBLE,
ALDH16A1,INFEASIBLE,,INFEASIBLE,,INFEASIBLE,
ALDH18A1,INFEASIBLE,,INFEASIBLE,,INFEASIBLE,
ALDH1B1,INFEASIBLE,,INFEASIBLE,,INFEASIBLE,
ALDH1L2,INFEASIBLE,,INFEASIBLE,,INFEASIBLE,
ALDH2,INFEASIBLE,,INFEASIBLE,,INFEASIBLE,
ALDH3A2,INFEASIBLE,,INFEASIBLE,,INFEASIBLE,
ALDH3B1,INFEASIBLE,,INFEASIBLE,,INFEASIBLE,
ALDH6A1,OPTIMAL,-0.2383056757275465,OPTIMAL,-0.5205593759576381,INFEASIBLE,
ALDH7A1,INFEASIBLE,,INFEASIBLE,,INFEASIBLE,
ALDH9A1,INFEASIBLE,,INFEASIBLE,,INFEASIBLE,
ALDOA,INFEASIBLE,,INFEASIBLE,,INFEASIBLE,
ALG1,INFEASIBLE,,INFEASIBLE,,INFEASIBLE,
ALG11,INFEASIBLE,,INFEASIBLE,,INFEASIBLE,
ALG13,INFEASIBLE,,INFEASIBLE,,INFEASIBLE,
ALG14,INFEASIBLE,,INFEASIBLE,,INFEASIBLE,
ALG2,INFEASIBLE,,INFEASIBLE,,INFEASIBLE,
ALG3,INFEASIBLE,,INFEASIBLE,,INFEASIBLE,
ALG5,INFEASIBLE,,INFEASIBLE,,INFEASIBLE,
ALG6,INFEASIBLE,,INFEASIBLE,,INFEASIBLE,
ALG8,INFEASIBLE,,INFEASIBLE,,INFEASIBLE,
ALG9,INFEASIBLE,,INFEASIBLE,,INFEASIBLE,
ALKBH1,INFEASIBLE,,INFEASIBLE,,INFEASIBLE,
ALKBH2,INFEASIBLE,,INFEASIBLE,,INFEASIBLE,
ALKBH3,INFEASIBLE,,INFEASIBLE,,INFEASIBLE,
ALKBH5,INFEASIBLE,,INFEASIBLE,,INFEASIBLE,
ALKBH7,INFEASIBLE,,INFEASIBLE,,INFEASIBLE,
ALKBH8,INFEASIBLE,,INFEASIBLE,,INFEASIBLE,
ALMS1,INFEASIBLE,,INFEASIBLE,,INFEASIBLE,
ALPK1,INFEASIBLE,,INFEASIBLE,,INFEASIBLE,
ALPK2,OPTIMAL,-0.207147788625967,OPTIMAL,-0.4318031906897724,INFEASIBLE,
ALS2,INFEASIBLE,,INFEASIBLE,,INFEASIBLE,
ALYREF,INFEASIBLE,,INFEASIBLE,,INFEASIBLE,
AMBRA1,INFEASIBLE,,INFEASIBLE,,INFEASIBLE,
AMD1,INFEASIBLE,,INFEASIBLE,,INFEASIBLE,
AMDHD2,INFEASIBLE,,INFEASIBLE,,INFEASIBLE,
AMFR,INFEASIBLE,,INFEASIBLE,,INFEASIBLE,
AMMECR1,OPTIMAL,8.799992847408673e-08,INFEASIBLE,,INFEASIBLE,
AMMECR1L,OPTIMAL,-0.2677299051507386,INFEASIBLE,,INFEASIBLE,
AMOT,OPTIMAL,-0.047131679644021,INFEASIBLE,,INFEASIBLE,
AMOTL1,INFEASIBLE,,INFEASIBLE,,INFEASIBLE,
AMOTL2,INFEASIBLE,,INFEASIBLE,,INFEASIBLE,
AMPD2,INFEASIBLE,,INFEASIBLE,,INFEASIBLE,
AMPD3,INFEASIBLE,,INFEASIBLE,,INFEASIBLE,
AMZ2,INFEASIBLE,,INFEASIBLE,,INFEASIBLE,
ANAPC1,INFEASIBLE,,INFEASIBLE,,INFEASIBLE,
ANAPC10,INFEASIBLE,,INFEASIBLE,,INFEASIBLE,
ANAPC11,INFEASIBLE,,INFEASIBLE,,INFEASIBLE,
ANAPC13,INFEASIBLE,,INFEASIBLE,,INFEASIBLE,
ANAPC15,INFEASIBLE,,INFEASIBLE,,INFEASIBLE,
ANAPC16,INFEASIBLE,,INFEASIBLE,,INFEASIBLE,
ANAPC2,OPTIMAL,-0.1538040182462759,OPTIMAL,-0.2463396804201069,INFEASIBLE,
ANAPC4,INFEASIBLE,,INFEASIBLE,,INFEASIBLE,
ANAPC5,INFEASIBLE,,INFEASIBLE,,INFEASIBLE,
ANAPC7,INFEASIBLE,,INFEASIBLE,,INFEASIBLE,
ANGEL1,INFEASIBLE,,INFEASIBLE,,INFEASIBLE,
ANGEL2,INFEASIBLE,,INFEASIBLE,,INFEASIBLE,
ANGPTL4,INFEASIBLE,,INFEASIBLE,,INFEASIBLE,
ANK2,INFEASIBLE,,INFEASIBLE,,INFEASIBLE,
ANKEF1,OPTIMAL,-0.101287824361706,OPTIMAL,-0.4956686943531832,INFEASIBLE,
ANKFY1,INFEASIBLE,,INFEASIBLE,,INFEASIBLE,
ANKH,INFEASIBLE,,INFEASIBLE,,INFEASIBLE,
ANKHD1,INFEASIBLE,,INFEASIBLE,,INFEASIBLE,
ANKIB1,INFEASIBLE,,INFEASIBLE,,INFEASIBLE,
ANKLE2,INFEASIBLE,,INFEASIBLE,,INFEASIBLE,
ANKMY2,INFEASIBLE,,INFEASIBLE,,INFEASIBLE,
ANKRD1,INFEASIBLE,,INFEASIBLE,,INFEASIBLE,
ANKRD10,INFEASIBLE,,INFEASIBLE,,INFEASIBLE,
ANKRD11,INFEASIBLE,,INFEASIBLE,,INFEASIBLE,
ANKRD12,INFEASIBLE,,INFEASIBLE,,INFEASIBLE,
ANKRD13A,INFEASIBLE,,INFEASIBLE,,INFEASIBLE,
ANKRD13C,INFEASIBLE,,INFEASIBLE,,INFEASIBLE,
ANKRD13D,INFEASIBLE,,INFEASIBLE,,INFEASIBLE,
ANKRD16,INFEASIBLE,,INFEASIBLE,,INFEASIBLE,
ANKRD17,INFEASIBLE,,INFEASIBLE,,INFEASIBLE,
ANKRD2,INFEASIBLE,,INFEASIBLE,,INFEASIBLE,
ANKRD26,INFEASIBLE,,INFEASIBLE,,INFEASIBLE,
ANKRD27,INFEASIBLE,,INFEASIBLE,,INFEASIBLE,
ANKRD28,INFEASIBLE,,INFEASIBLE,,INFEASIBLE,
ANKRD34A,INFEASIBLE,,INFEASIBLE,,INFEASIBLE,
ANKRD35,INFEASIBLE,,INFEASIBLE,,INFEASIBLE,
ANKRD36,INFEASIBLE,,INFEASIBLE,,INFEASIBLE,
ANKRD36B,INFEASIBLE,,INFEASIBLE,,INFEASIBLE,
ANKRD36C,INFEASIBLE,,INFEASIBLE,,INFEASIBLE,
ANKRD37,INFEASIBLE,,INFEASIBLE,,INFEASIBLE,
ANKRD39,INFEASIBLE,,INFEASIBLE,,INFEASIBLE,
ANKRD40,INFEASIBLE,,INFEASIBLE,,INFEASIBLE,
ANKRD42,OPTIMAL,-0.1361280134566873,INFEASIBLE,,INFEASIBLE,
ANKRD46,INFEASIBLE,,INFEASIBLE,,INFEASIBLE,
ANKRD49,INFEASIBLE,,INFEASIBLE,,INFEASIBLE,
ANKRD50,INFEASIBLE,,INFEASIBLE,,INFEASIBLE,
ANKRD52,INFEASIBLE,,INFEASIBLE,,INFEASIBLE,
ANKRD54,INFEASIBLE,,INFEASIBLE,,INFEASIBLE,
ANKRD9,INFEASIBLE,,INFEASIBLE,,INFEASIBLE,
ANKS1A,INFEASIBLE,,INFEASIBLE,,INFEASIBLE,
ANKS3,INFEASIBLE,,INFEASIBLE,,INFEASIBLE,
ANKS6,INFEASIBLE,,INFEASIBLE,,INFEASIBLE,
ANKZF1,INFEASIBLE,,INFEASIBLE,,INFEASIBLE,
ANLN,INFEASIBLE,,INFEASIBLE,,INFEASIBLE,
ANO10,INFEASIBLE,,INFEASIBLE,,INFEASIBLE,
ANO3,INFEASIBLE,,INFEASIBLE,,INFEASIBLE,
ANO6,INFEASIBLE,,INFEASIBLE,,INFEASIBLE,
ANP32A,INFEASIBLE,,INFEASIBLE,,INFEASIBLE,
ANP32B,INFEASIBLE,,INFEASIBLE,,INFEASIBLE,
ANP32E,INFEASIBLE,,INFEASIBLE,,INFEASIBLE,
ANPEP,INFEASIBLE,,INFEASIBLE,,INFEASIBLE,
ANTXR1,INFEASIBLE,,INFEASIBLE,,INFEASIBLE,
ANTXR2,INFEASIBLE,,INFEASIBLE,,INFEASIBLE,
ANXA1,INFEASIBLE,,INFEASIBLE,,INFEASIBLE,
ANXA11,INFEASIBLE,,INFEASIBLE,,INFEASIBLE,
ANXA2,INFEASIBLE,,INFEASIBLE,,INFEASIBLE,
ANXA2R,OPTIMAL,-0.1019592610798705,OPTIMAL,-0.706412665660893,INFEASIBLE,
ANXA3,INFEASIBLE,,INFEASIBLE,,INFEASIBLE,
ANXA4,INFEASIBLE,,INFEASIBLE,,INFEASIBLE,
ANXA5,INFEASIBLE,,INFEASIBLE,,INFEASIBLE,
ANXA6,INFEASIBLE,,INFEASIBLE,,INFEASIBLE,
ANXA7,INFEASIBLE,,INFEASIBLE,,INFEASIBLE,
AOX1,INFEASIBLE,,INFEASIBLE,,INFEASIBLE,
AP1AR,INFEASIBLE,,INFEASIBLE,,INFEASIBLE,
AP1B1,INFEASIBLE,,INFEASIBLE,,INFEASIBLE,
AP1G1,INFEASIBLE,,INFEASIBLE,,INFEASIBLE,
AP1M1,INFEASIBLE,,INFEASIBLE,,INFEASIBLE,
AP1S1,INFEASIBLE,,INFEASIBLE,,INFEASIBLE,
AP1S2,INFEASIBLE,,INFEASIBLE,,INFEASIBLE,
AP2A1,INFEASIBLE,,INFEASIBLE,,INFEASIBLE,
AP2A2,INFEASIBLE,,INFEASIBLE,,INFEASIBLE,
AP2B1,INFEASIBLE,,INFEASIBLE,,INFEASIBLE,
AP2M1,INFEASIBLE,,INFEASIBLE,,INFEASIBLE,
AP2S1,INFEASIBLE,,INFEASIBLE,,INFEASIBLE,
AP3B1,INFEASIBLE,,INFEASIBLE,,INFEASIBLE,
AP3D1,INFEASIBLE,,INFEASIBLE,,INFEASIBLE,
AP3M1,INFEASIBLE,,INFEASIBLE,,INFEASIBLE,
AP3M2,INFEASIBLE,,INFEASIBLE,,INFEASIBLE,
AP3S1,INFEASIBLE,,INFEASIBLE,,INFEASIBLE,
AP3S2,INFEASIBLE,,INFEASIBLE,,INFEASIBLE,
AP4B1,INFEASIBLE,,INFEASIBLE,,INFEASIBLE,
AP4E1,INFEASIBLE,,INFEASIBLE,,INFEASIBLE,
AP4M1,OPTIMAL,-0.2761096230496221,INFEASIBLE,,INFEASIBLE,
AP5B1,INFEASIBLE,,INFEASIBLE,,INFEASIBLE,
AP5M1,INFEASIBLE,,INFEASIBLE,,INFEASIBLE,
AP5S1,INFEASIBLE,,INFEASIBLE,,INFEASIBLE,
AP5Z1,INFEASIBLE,,INFEASIBLE,,INFEASIBLE,
APAF1,INFEASIBLE,,INFEASIBLE,,INFEASIBLE,
APBA1,INFEASIBLE,,INFEASIBLE,,INFEASIBLE,
APBA3,OPTIMAL,-0.1428738151499066,INFEASIBLE,,INFEASIBLE,
APBB1,INFEASIBLE,,INFEASIBLE,,INFEASIBLE,
APBB2,INFEASIBLE,,INFEASIBLE,,INFEASIBLE,
APC,INFEASIBLE,,INFEASIBLE,,INFEASIBLE,
APCDD1,INFEASIBLE,,INFEASIBLE,,INFEASIBLE,
APEH,INFEASIBLE,,INFEASIBLE,,INFEASIBLE,
APEX1,INFEASIBLE,,INFEASIBLE,,INFEASIBLE,
APEX2,INFEASIBLE,,INFEASIBLE,,INFEASIBLE,
APH1A,INFEASIBLE,,INFEASIBLE,,INFEASIBLE,
APH1B,INFEASIBLE,,INFEASIBLE,,INFEASIBLE,
API5,INFEASIBLE,,INFEASIBLE,,INFEASIBLE,
APIP,INFEASIBLE,,INFEASIBLE,,INFEASIBLE,
APLP2,INFEASIBLE,,INFEASIBLE,,INFEASIBLE,
APMAP,INFEASIBLE,,INFEASIBLE,,INFEASIBLE,
APOBEC3A,INFEASIBLE,,INFEASIBLE,,INFEASIBLE,
APOBEC3B,INFEASIBLE,,INFEASIBLE,,INFEASIBLE,
APOBEC3C,INFEASIBLE,,INFEASIBLE,,INFEASIBLE,
APOBEC3D,INFEASIBLE,,INFEASIBLE,,INFEASIBLE,
APOBEC3G,INFEASIBLE,,INFEASIBLE,,INFEASIBLE,
APOD,INFEASIBLE,,INFEASIBLE,,INFEASIBLE,
APOL2,INFEASIBLE,,INFEASIBLE,,INFEASIBLE,
APOL6,INFEASIBLE,,INFEASIBLE,,INFEASIBLE,
APOLD1,INFEASIBLE,,INFEASIBLE,,INFEASIBLE,
APOO,INFEASIBLE,,INFEASIBLE,,INFEASIBLE,
APOOL,INFEASIBLE,,INFEASIBLE,,INFEASIBLE,
APP,INFEASIBLE,,INFEASIBLE,,INFEASIBLE,
APPBP2,INFEASIBLE,,INFEASIBLE,,INFEASIBLE,
APPL1,INFEASIBLE,,INFEASIBLE,,INFEASIBLE,
APPL2,INFEASIBLE,,INFEASIBLE,,INFEASIBLE,
APRT,INFEASIBLE,,INFEASIBLE,,INFEASIBLE,
APTX,INFEASIBLE,,INFEASIBLE,,INFEASIBLE,
AQP1,INFEASIBLE,,INFEASIBLE,,INFEASIBLE,
AQR,INFEASIBLE,,INFEASIBLE,,INFEASIBLE,
AR,OPTIMAL,-0.991187053896248,INFEASIBLE,,INFEASIBLE,
ARAF,INFEASIBLE,,INFEASIBLE,,INFEASIBLE,
ARAP1,INFEASIBLE,,INFEASIBLE,,INFEASIBLE,
ARAP3,INFEASIBLE,,INFEASIBLE,,INFEASIBLE,
ARCN1,INFEASIBLE,,INFEASIBLE,,INFEASIBLE,
AREL1,INFEASIBLE,,INFEASIBLE,,INFEASIBLE,
ARF1,INFEASIBLE,,INFEASIBLE,,INFEASIBLE,
ARF3,INFEASIBLE,,INFEASIBLE,,INFEASIBLE,
ARF4,INFEASIBLE,,INFEASIBLE,,INFEASIBLE,
ARF5,INFEASIBLE,,INFEASIBLE,,INFEASIBLE,
ARF6,INFEASIBLE,,INFEASIBLE,,INFEASIBLE,
ARFGAP1,INFEASIBLE,,INFEASIBLE,,INFEASIBLE,
ARFGAP2,INFEASIBLE,,INFEASIBLE,,INFEASIBLE,
ARFGAP3,INFEASIBLE,,INFEASIBLE,,INFEASIBLE,
ARFGEF1,INFEASIBLE,,INFEASIBLE,,INFEASIBLE,
ARFGEF2,INFEASIBLE,,INFEASIBLE,,INFEASIBLE,
ARFIP1,INFEASIBLE,,INFEASIBLE,,INFEASIBLE,
ARFIP2,INFEASIBLE,,INFEASIBLE,,INFEASIBLE,
ARFRP1,INFEASIBLE,,INFEASIBLE,,INFEASIBLE,
ARGLU1,INFEASIBLE,,INFEASIBLE,,INFEASIBLE,
ARHGAP1,INFEASIBLE,,INFEASIBLE,,INFEASIBLE,
ARHGAP10,INFEASIBLE,,INFEASIBLE,,INFEASIBLE,
ARHGAP11A,INFEASIBLE,,INFEASIBLE,,INFEASIBLE,
ARHGAP11B,INFEASIBLE,,INFEASIBLE,,INFEASIBLE,
ARHGAP12,INFEASIBLE,,INFEASIBLE,,INFEASIBLE,
ARHGAP17,INFEASIBLE,,INFEASIBLE,,INFEASIBLE,
ARHGAP18,INFEASIBLE,,INFEASIBLE,,INFEASIBLE,
ARHGAP19,INFEASIBLE,,INFEASIBLE,,INFEASIBLE,
ARHGAP21,INFEASIBLE,,INFEASIBLE,,INFEASIBLE,
ARHGAP22,INFEASIBLE,,INFEASIBLE,,INFEASIBLE,
ARHGAP23,INFEASIBLE,,INFEASIBLE,,INFEASIBLE,
ARHGAP24,INFEASIBLE,,INFEASIBLE,,INFEASIBLE,
ARHGAP29,INFEASIBLE,,INFEASIBLE,,INFEASIBLE,
ARHGAP31,INFEASIBLE,,INFEASIBLE,,INFEASIBLE,
ARHGAP32,INFEASIBLE,,INFEASIBLE,,INFEASIBLE,
ARHGAP35,INFEASIBLE,,INFEASIBLE,,INFEASIBLE,
ARHGAP5,INFEASIBLE,,INFEASIBLE,,INFEASIBLE,
ARHGAP6,INFEASIBLE,,INFEASIBLE,,INFEASIBLE,
ARHGDIA,INFEASIBLE,,INFEASIBLE,,INFEASIBLE,
ARHGEF1,INFEASIBLE,,INFEASIBLE,,INFEASIBLE,
ARHGEF10,INFEASIBLE,,INFEASIBLE,,INFEASIBLE,
ARHGEF10L,OPTIMAL,-0.0285536526448619,INFEASIBLE,,INFEASIBLE,
ARHGEF11,INFEASIBLE,,INFEASIBLE,,INFEASIBLE,
ARHGEF12,INFEASIBLE,,INFEASIBLE,,INFEASIBLE,
ARHGEF17,INFEASIBLE,,INFEASIBLE,,INFEASIBLE,
ARHGEF19,INFEASIBLE,,INFEASIBLE,,INFEASIBLE,
ARHGEF2,INFEASIBLE,,INFEASIBLE,,INFEASIBLE,
ARHGEF26,OPTIMAL,-0.1208167533521274,OPTIMAL,-0.3725260923814086,INFEASIBLE,
ARHGEF28,INFEASIBLE,,INFEASIBLE,,INFEASIBLE,
ARHGEF39,INFEASIBLE,,INFEASIBLE,,INFEASIBLE,
ARHGEF40,INFEASIBLE,,INFEASIBLE,,INFEASIBLE,
ARHGEF5,INFEASIBLE,,INFEASIBLE,,INFEASIBLE,
ARHGEF6,INFEASIBLE,,INFEASIBLE,,INFEASIBLE,
ARHGEF7,INFEASIBLE,,INFEASIBLE,,INFEASIBLE,
ARHGEF9,INFEASIBLE,,INFEASIBLE,,INFEASIBLE,
ARID1A,INFEASIBLE,,INFEASIBLE,,INFEASIBLE,
ARID1B,INFEASIBLE,,INFEASIBLE,,INFEASIBLE,
ARID2,INFEASIBLE,,INFEASIBLE,,INFEASIBLE,
ARID3A,INFEASIBLE,,INFEASIBLE,,INFEASIBLE,
ARID4A,INFEASIBLE,,INFEASIBLE,,INFEASIBLE,
ARID4B,INFEASIBLE,,INFEASIBLE,,INFEASIBLE,
ARID5B,INFEASIBLE,,INFEASIBLE,,INFEASIBLE,
ARIH1,OPTIMAL,7.891260659535438e-09,INFEASIBLE,,INFEASIBLE,
ARIH2,INFEASIBLE,,INFEASIBLE,,INFEASIBLE,
ARL1,INFEASIBLE,,INFEASIBLE,,INFEASIBLE,
ARL10,INFEASIBLE,,INFEASIBLE,,INFEASIBLE,
ARL13B,INFEASIBLE,,INFEASIBLE,,INFEASIBLE,
ARL14EP,INFEASIBLE,,INFEASIBLE,,INFEASIBLE,
ARL16,INFEASIBLE,,INFEASIBLE,,INFEASIBLE,
ARL2,INFEASIBLE,,INFEASIBLE,,INFEASIBLE,
ARL3,INFEASIBLE,,INFEASIBLE,,INFEASIBLE,
ARL4A,INFEASIBLE,,INFEASIBLE,,INFEASIBLE,
ARL4C,INFEASIBLE,,INFEASIBLE,,INFEASIBLE,
ARL4D,INFEASIBLE,,INFEASIBLE,,INFEASIBLE,
ARL5A,INFEASIBLE,,INFEASIBLE,,INFEASIBLE,
ARL5B,OPTIMAL,-0.2406273706858269,OPTIMAL,0.0,INFEASIBLE,
ARL6,INFEASIBLE,,INFEASIBLE,,INFEASIBLE,
ARL6IP1,INFEASIBLE,,INFEASIBLE,,INFEASIBLE,
ARL6IP5,INFEASIBLE,,INFEASIBLE,,INFEASIBLE,
ARL6IP6,INFEASIBLE,,INFEASIBLE,,INFEASIBLE,
ARL8A,INFEASIBLE,,INFEASIBLE,,INFEASIBLE,
ARL8B,INFEASIBLE,,INFEASIBLE,,INFEASIBLE,
ARMC1,INFEASIBLE,,INFEASIBLE,,INFEASIBLE,
ARMC10,INFEASIBLE,,INFEASIBLE,,INFEASIBLE,
ARMC5,OPTIMAL,-0.288654417130241,OPTIMAL,-0.2572645853048185,INFEASIBLE,
ARMC6,INFEASIBLE,,INFEASIBLE,,INFEASIBLE,
ARMC7,INFEASIBLE,,INFEASIBLE,,INFEASIBLE,
ARMC8,INFEASIBLE,,INFEASIBLE,,INFEASIBLE,
ARMC9,INFEASIBLE,,INFEASIBLE,,INFEASIBLE,
ARMCX1,INFEASIBLE,,INFEASIBLE,,INFEASIBLE,
ARMCX2,INFEASIBLE,,INFEASIBLE,,INFEASIBLE,
ARMCX3,INFEASIBLE,,INFEASIBLE,,INFEASIBLE,
ARMCX4,INFEASIBLE,,INFEASIBLE,,INFEASIBLE,
ARMCX6,INFEASIBLE,,INFEASIBLE,,INFEASIBLE,
ARMT1,INFEASIBLE,,INFEASIBLE,,INFEASIBLE,
ARNT,INFEASIBLE,,INFEASIBLE,,INFEASIBLE,
ARPC1A,INFEASIBLE,,INFEASIBLE,,INFEASIBLE,
ARPC1B,INFEASIBLE,,INFEASIBLE,,INFEASIBLE,
ARPC2,INFEASIBLE,,INFEASIBLE,,INFEASIBLE,
ARPC3,INFEASIBLE,,INFEASIBLE,,INFEASIBLE,
ARPC4,INFEASIBLE,,INFEASIBLE,,INFEASIBLE,
ARPC5,INFEASIBLE,,INFEASIBLE,,INFEASIBLE,
ARPC5L,INFEASIBLE,,INFEASIBLE,,INFEASIBLE,
ARPIN,INFEASIBLE,,INFEASIBLE,,INFEASIBLE,
ARPP19,INFEASIBLE,,INFEASIBLE,,INFEASIBLE,
ARRB1,INFEASIBLE,,INFEASIBLE,,INFEASIBLE,
ARRB2,INFEASIBLE,,INFEASIBLE,,INFEASIBLE,
ARRDC1,INFEASIBLE,,INFEASIBLE,,INFEASIBLE,
ARRDC2,INFEASIBLE,,INFEASIBLE,,INFEASIBLE,
ARRDC3,INFEASIBLE,,INFEASIBLE,,INFEASIBLE,
ARSA,INFEASIBLE,,INFEASIBLE,,INFEASIBLE,
ARSB,INFEASIBLE,,INFEASIBLE,,INFEASIBLE,
ARSD,OPTIMAL,-6.895767666062144e-11,INFEASIBLE,,INFEASIBLE,
ARSJ,INFEASIBLE,,INFEASIBLE,,INFEASIBLE,
ARSK,INFEASIBLE,,INFEASIBLE,,INFEASIBLE,
ARV1,INFEASIBLE,,INFEASIBLE,,INFEASIBLE,
ASAH1,INFEASIBLE,,INFEASIBLE,,INFEASIBLE,
ASAH2B,OPTIMAL,-0.2554161376517212,OPTIMAL,-0.2897945633917752,INFEASIBLE,
ASAP1,INFEASIBLE,,INFEASIBLE,,INFEASIBLE,
ASAP2,INFEASIBLE,,INFEASIBLE,,INFEASIBLE,
ASB1,INFEASIBLE,,INFEASIBLE,,INFEASIBLE,
ASB13,INFEASIBLE,,INFEASIBLE,,INFEASIBLE,
ASB6,INFEASIBLE,,INFEASIBLE,,INFEASIBLE,
ASB7,INFEASIBLE,,INFEASIBLE,,INFEASIBLE,
ASB8,INFEASIBLE,,INFEASIBLE,,INFEASIBLE,
ASCC1,INFEASIBLE,,INFEASIBLE,,INFEASIBLE,
ASCC2,INFEASIBLE,,INFEASIBLE,,INFEASIBLE,
ASCC3,INFEASIBLE,,INFEASIBLE,,INFEASIBLE,
ASF1A,INFEASIBLE,,INFEASIBLE,,INFEASIBLE,
ASF1B,INFEASIBLE,,INFEASIBLE,,INFEASIBLE,
ASH1L,INFEASIBLE,,INFEASIBLE,,INFEASIBLE,
ASH2L,INFEASIBLE,,INFEASIBLE,,INFEASIBLE,
ASL,INFEASIBLE,,INFEASIBLE,,INFEASIBLE,
ASMTL,INFEASIBLE,,INFEASIBLE,,INFEASIBLE,
ASNS,INFEASIBLE,,INFEASIBLE,,INFEASIBLE,
ASNSD1,INFEASIBLE,,INFEASIBLE,,INFEASIBLE,
ASPH,INFEASIBLE,,INFEASIBLE,,INFEASIBLE,
ASPM,INFEASIBLE,,INFEASIBLE,,INFEASIBLE,
ASPSCR1,INFEASIBLE,,INFEASIBLE,,INFEASIBLE,
ASS1,INFEASIBLE,,INFEASIBLE,,INFEASIBLE,
ASTE1,INFEASIBLE,,INFEASIBLE,,INFEASIBLE,
ASXL1,INFEASIBLE,,INFEASIBLE,,INFEASIBLE,
ASXL2,INFEASIBLE,,INFEASIBLE,,INFEASIBLE,
ATAD1,INFEASIBLE,,INFEASIBLE,,INFEASIBLE,
ATAD2,INFEASIBLE,,INFEASIBLE,,INFEASIBLE,
ATAD2B,INFEASIBLE,,INFEASIBLE,,INFEASIBLE,
ATAD3A,INFEASIBLE,,INFEASIBLE,,INFEASIBLE,
ATAD3B,INFEASIBLE,,INFEASIBLE,,INFEASIBLE,
ATAD5,INFEASIBLE,,INFEASIBLE,,INFEASIBLE,
ATAT1,INFEASIBLE,,INFEASIBLE,,INFEASIBLE,
ATE1,INFEASIBLE,,INFEASIBLE,,INFEASIBLE,
ATF1,INFEASIBLE,,INFEASIBLE,,INFEASIBLE,
ATF2,INFEASIBLE,,INFEASIBLE,,INFEASIBLE,
ATF4,INFEASIBLE,,INFEASIBLE,,INFEASIBLE,
ATF5,INFEASIBLE,,INFEASIBLE,,INFEASIBLE,
ATF6,INFEASIBLE,,INFEASIBLE,,INFEASIBLE,
ATF6B,INFEASIBLE,,INFEASIBLE,,INFEASIBLE,
ATF7,INFEASIBLE,,INFEASIBLE,,INFEASIBLE,
ATF7IP,INFEASIBLE,,INFEASIBLE,,INFEASIBLE,
ATG10,INFEASIBLE,,INFEASIBLE,,INFEASIBLE,
ATG12,INFEASIBLE,,INFEASIBLE,,INFEASIBLE,
ATG13,INFEASIBLE,,INFEASIBLE,,INFEASIBLE,
ATG14,INFEASIBLE,,INFEASIBLE,,INFEASIBLE,
ATG16L1,INFEASIBLE,,INFEASIBLE,,INFEASIBLE,
ATG2A,INFEASIBLE,,INFEASIBLE,,INFEASIBLE,
ATG2B,INFEASIBLE,,INFEASIBLE,,INFEASIBLE,
ATG3,INFEASIBLE,,INFEASIBLE,,INFEASIBLE,
ATG4A,INFEASIBLE,,INFEASIBLE,,INFEASIBLE,
ATG4B,INFEASIBLE,,INFEASIBLE,,INFEASIBLE,
ATG4C,INFEASIBLE,,INFEASIBLE,,INFEASIBLE,
ATG5,INFEASIBLE,,INFEASIBLE,,INFEASIBLE,
ATG7,INFEASIBLE,,INFEASIBLE,,INFEASIBLE,
ATG9A,INFEASIBLE,,INFEASIBLE,,INFEASIBLE,
ATIC,INFEASIBLE,,INFEASIBLE,,INFEASIBLE,
ATL1,INFEASIBLE,,INFEASIBLE,,INFEASIBLE,
ATL2,OPTIMAL,-0.1169801552635753,INFEASIBLE,,INFEASIBLE,
ATL3,INFEASIBLE,,INFEASIBLE,,INFEASIBLE,
ATM,INFEASIBLE,,INFEASIBLE,,INFEASIBLE,
ATMIN,INFEASIBLE,,INFEASIBLE,,INFEASIBLE,
ATN1,OPTIMAL,3.005758688986013e-09,INFEASIBLE,,INFEASIBLE,
ATOH8,INFEASIBLE,,INFEASIBLE,,INFEASIBLE,
ATOX1,INFEASIBLE,,INFEASIBLE,,INFEASIBLE,
ATP10A,INFEASIBLE,,INFEASIBLE,,INFEASIBLE,
ATP10D,INFEASIBLE,,INFEASIBLE,,INFEASIBLE,
ATP11A,INFEASIBLE,,INFEASIBLE,,INFEASIBLE,
ATP11B,INFEASIBLE,,INFEASIBLE,,INFEASIBLE,
ATP11C,INFEASIBLE,,INFEASIBLE,,INFEASIBLE,
ATP13A1,INFEASIBLE,,INFEASIBLE,,INFEASIBLE,
ATP13A2,INFEASIBLE,,INFEASIBLE,,INFEASIBLE,
ATP13A3,INFEASIBLE,,INFEASIBLE,,INFEASIBLE,
ATP1A1,INFEASIBLE,,INFEASIBLE,,INFEASIBLE,
ATP1B1,INFEASIBLE,,INFEASIBLE,,INFEASIBLE,
ATP1B3,INFEASIBLE,,INFEASIBLE,,INFEASIBLE,
ATP2A2,INFEASIBLE,,INFEASIBLE,,INFEASIBLE,
ATP2B1,INFEASIBLE,,INFEASIBLE,,INFEASIBLE,
ATP2B4,INFEASIBLE,,INFEASIBLE,,INFEASIBLE,
ATP2C1,INFEASIBLE,,INFEASIBLE,,INFEASIBLE,
ATP6AP1,INFEASIBLE,,INFEASIBLE,,INFEASIBLE,
ATP6AP2,INFEASIBLE,,INFEASIBLE,,INFEASIBLE,
ATP6V0A1,INFEASIBLE,,INFEASIBLE,,INFEASIBLE,
ATP6V0A2,INFEASIBLE,,INFEASIBLE,,INFEASIBLE,
ATP6V0B,INFEASIBLE,,INFEASIBLE,,INFEASIBLE,
ATP6V0D1,INFEASIBLE,,INFEASIBLE,,INFEASIBLE,
ATP6V0E1,INFEASIBLE,,INFEASIBLE,,INFEASIBLE,
ATP6V0E2,INFEASIBLE,,INFEASIBLE,,INFEASIBLE,
ATP6V1A,INFEASIBLE,,INFEASIBLE,,INFEASIBLE,
ATP6V1B2,INFEASIBLE,,INFEASIBLE,,INFEASIBLE,
ATP6V1C1,INFEASIBLE,,INFEASIBLE,,INFEASIBLE,
ATP6V1D,INFEASIBLE,,INFEASIBLE,,INFEASIBLE,
ATP6V1E1,INFEASIBLE,,INFEASIBLE,,INFEASIBLE,
ATP6V1F,INFEASIBLE,,INFEASIBLE,,INFEASIBLE,
ATP6V1G1,INFEASIBLE,,INFEASIBLE,,INFEASIBLE,
ATP6V1H,INFEASIBLE,,INFEASIBLE,,INFEASIBLE,
ATP7A,INFEASIBLE,,INFEASIBLE,,INFEASIBLE,
ATP8A2,OPTIMAL,-0.2981222191418189,CUT_LIMIT,,OPTIMAL,1.5661299766333947e-09
ATP8B1,OPTIMAL,-0.4268252270566266,INFEASIBLE,,INFEASIBLE,
ATP8B2,INFEASIBLE,,INFEASIBLE,,INFEASIBLE,
ATP9A,INFEASIBLE,,INFEASIBLE,,INFEASIBLE,
ATP9B,INFEASIBLE,,INFEASIBLE,,INFEASIBLE,
ATPAF1,INFEASIBLE,,INFEASIBLE,,INFEASIBLE,
ATPAF2,INFEASIBLE,,INFEASIBLE,,INFEASIBLE,
ATR,INFEASIBLE,,INFEASIBLE,,INFEASIBLE,
ATRAID,INFEASIBLE,,INFEASIBLE,,INFEASIBLE,
ATRIP,INFEASIBLE,,INFEASIBLE,,INFEASIBLE,
ATRN,INFEASIBLE,,INFEASIBLE,,INFEASIBLE,
ATRX,INFEASIBLE,,INFEASIBLE,,INFEASIBLE,
ATXN10,INFEASIBLE,,INFEASIBLE,,INFEASIBLE,
ATXN1L,INFEASIBLE,,INFEASIBLE,,INFEASIBLE,
ATXN2,INFEASIBLE,,INFEASIBLE,,INFEASIBLE,
ATXN2L,INFEASIBLE,,INFEASIBLE,,INFEASIBLE,
ATXN3,INFEASIBLE,,INFEASIBLE,,INFEASIBLE,
ATXN7,INFEASIBLE,,INFEASIBLE,,INFEASIBLE,
ATXN7L1,INFEASIBLE,,INFEASIBLE,,INFEASIBLE,
ATXN7L3,INFEASIBLE,,INFEASIBLE,,INFEASIBLE,
ATXN7L3B,INFEASIBLE,,INFEASIBLE,,INFEASIBLE,
AUH,INFEASIBLE,,INFEASIBLE,,INFEASIBLE,
AUNIP,INFEASIBLE,,INFEASIBLE,,INFEASIBLE,
AUP1,INFEASIBLE,,INFEASIBLE,,INFEASIBLE,
AURKA,INFEASIBLE,,INFEASIBLE,,INFEASIBLE,
AURKAIP1,INFEASIBLE,,INFEASIBLE,,INFEASIBLE,
AURKB,INFEASIBLE,,INFEASIBLE,,INFEASIBLE,
AUTS2,INFEASIBLE,,INFEASIBLE,,INFEASIBLE,
AVEN,INFEASIBLE,,INFEASIBLE,,INFEASIBLE,
AVL9,INFEASIBLE,,INFEASIBLE,,INFEASIBLE,
AVPI1,INFEASIBLE,,INFEASIBLE,,INFEASIBLE,
AXIN1,INFEASIBLE,,INFEASIBLE,,INFEASIBLE,
AXIN2,INFEASIBLE,,INFEASIBLE,,INFEASIBLE,
AXL,INFEASIBLE,,INFEASIBLE,,INFEASIBLE,
AZI2,INFEASIBLE,,INFEASIBLE,,INFEASIBLE,
AZIN1,INFEASIBLE,,INFEASIBLE,,INFEASIBLE,
B2M,INFEASIBLE,,INFEASIBLE,,INFEASIBLE,
B3GALNT1,INFEASIBLE,,INFEASIBLE,,INFEASIBLE,
B3GALNT2,INFEASIBLE,,INFEASIBLE,,INFEASIBLE,
B3GALT6,INFEASIBLE,,INFEASIBLE,,INFEASIBLE,
B3GAT3,INFEASIBLE,,INFEASIBLE,,INFEASIBLE,
B3GLCT,INFEASIBLE,,INFEASIBLE,,INFEASIBLE,
B3GNT2,INFEASIBLE,,INFEASIBLE,,INFEASIBLE,
B3GNT5,INFEASIBLE,,INFEASIBLE,,INFEASIBLE,
B3GNT9,INFEASIBLE,,INFEASIBLE,,INFEASIBLE,
B3GNTL1,OPTIMAL,-0.1647766440348266,INFEASIBLE,,INFEASIBLE,
B4GALT1,INFEASIBLE,,INFEASIBLE,,INFEASIBLE,
B4GALT2,INFEASIBLE,,INFEASIBLE,,INFEASIBLE,
B4GALT3,INFEASIBLE,,INFEASIBLE,,INFEASIBLE,
B4GALT4,INFEASIBLE,,INFEASIBLE,,INFEASIBLE,
B4GALT5,INFEASIBLE,,INFEASIBLE,,INFEASIBLE,
B4GALT7,INFEASIBLE,,INFEASIBLE,,INFEASIBLE,
B4GAT1,INFEASIBLE,,INFEASIBLE,,INFEASIBLE,
B9D1,INFEASIBLE,,INFEASIBLE,,INFEASIBLE,
B9D2,INFEASIBLE,,INFEASIBLE,,INFEASIBLE,
BABAM1,INFEASIBLE,,INFEASIBLE,,INFEASIBLE,
BACE1,INFEASIBLE,,INFEASIBLE,,INFEASIBLE,
BACE2,INFEASIBLE,,INFEASIBLE,,INFEASIBLE,
BACH1,INFEASIBLE,,INFEASIBLE,,INFEASIBLE,
BAD,INFEASIBLE,,INFEASIBLE,,INFEASIBLE,
BAG1,INFEASIBLE,,INFEASIBLE,,INFEASIBLE,
BAG2,INFEASIBLE,,INFEASIBLE,,INFEASIBLE,
BAG3,INFEASIBLE,,INFEASIBLE,,INFEASIBLE,
BAG4,INFEASIBLE,,INFEASIBLE,,INFEASIBLE,
BAG5,INFEASIBLE,,INFEASIBLE,,INFEASIBLE,
BAG6,INFEASIBLE,,INFEASIBLE,,INFEASIBLE,
BAHCC1,INFEASIBLE,,INFEASIBLE,,INFEASIBLE,
BAHD1,OPTIMAL,-0.1519720796950325,INFEASIBLE,,INFEASIBLE,
BAIAP2,INFEASIBLE,,INFEASIBLE,,INFEASIBLE,
BAIAP2L2,INFEASIBLE,,INFEASIBLE,,INFEASIBLE,
BAK1,INFEASIBLE,,INFEASIBLE,,INFEASIBLE,
BANF1,INFEASIBLE,,INFEASIBLE,,INFEASIBLE,
BANP,INFEASIBLE,,INFEASIBLE,,INFEASIBLE,
BAP1,INFEASIBLE,,INFEASIBLE,,INFEASIBLE,
BARD1,INFEASIBLE,,INFEASIBLE,,INFEASIBLE,
BASP1,INFEASIBLE,,INFEASIBLE,,INFEASIBLE,
BATF3,INFEASIBLE,,INFEASIBLE,,INFEASIBLE,
BAX,INFEASIBLE,,INFEASIBLE,,INFEASIBLE,
BAZ1A,INFEASIBLE,,INFEASIBLE,,INFEASIBLE,
BAZ1B,INFEASIBLE,,INFEASIBLE,,INFEASIBLE,
BAZ2A,INFEASIBLE,,INFEASIBLE,,INFEASIBLE,
BAZ2B,INFEASIBLE,,INFEASIBLE,,INFEASIBLE,
BBIP1,INFEASIBLE,,INFEASIBLE,,INFEASIBLE,
BBS2,INFEASIBLE,,INFEASIBLE,,INFEASIBLE,
BBS4,INFEASIBLE,,INFEASIBLE,,INFEASIBLE,
BBS7,INFEASIBLE,,INFEASIBLE,,INFEASIBLE,
BBS9,OPTIMAL,-1.2075280796088406e-07,OPTIMAL,-0.3218441343410211,INFEASIBLE,
BBX,INFEASIBLE,,INFEASIBLE,,INFEASIBLE,
BCAP29,INFEASIBLE,,INFEASIBLE,,INFEASIBLE,
BCAP31,INFEASIBLE,,INFEASIBLE,,INFEASIBLE,
BCAR1,INFEASIBLE,,INFEASIBLE,,INFEASIBLE,
BCAR3,INFEASIBLE,,INFEASIBLE,,INFEASIBLE,
BCAS2,INFEASIBLE,,INFEASIBLE,,INFEASIBLE,
BCAS3,INFEASIBLE,,INFEASIBLE,,INFEASIBLE,
BCAS4,INFEASIBLE,,INFEASIBLE,,INFEASIBLE,
BCAT1,INFEASIBLE,,INFEASIBLE,,INFEASIBLE,
BCAT2,INFEASIBLE,,INFEASIBLE,,INFEASIBLE,
BCCIP,INFEASIBLE,,INFEASIBLE,,INFEASIBLE,
BCDIN3D,INFEASIBLE,,INFEASIBLE,,INFEASIBLE,
BCKDHB,INFEASIBLE,,INFEASIBLE,,INFEASIBLE,
BCKDK,INFEASIBLE,,INFEASIBLE,,INFEASIBLE,
BCL10,INFEASIBLE,,INFEASIBLE,,INFEASIBLE,
BCL2L1,INFEASIBLE,,INFEASIBLE,,INFEASIBLE,
BCL2L12,INFEASIBLE,,INFEASIBLE,,INFEASIBLE,
BCL2L13,INFEASIBLE,,INFEASIBLE,,INFEASIBLE,
BCL2L2,INFEASIBLE,,INFEASIBLE,,INFEASIBLE,
BCL3,OPTIMAL,-2.4296322674612053e-09,INFEASIBLE,,INFEASIBLE,
BCL6,INFEASIBLE,,INFEASIBLE,,INFEASIBLE,
BCL7A,INFEASIBLE,,INFEASIBLE,,INFEASIBLE,
BCL7B,INFEASIBLE,,INFEASIBLE,,INFEASIBLE,
BCL7C,INFEASIBLE,,INFEASIBLE,,INFEASIBLE,
BCL9,OPTIMAL,-0.2360200325547168,OPTIMAL,-0.1863199545573191,INFEASIBLE,
BCL9L,INFEASIBLE,,INFEASIBLE,,INFEASIBLE,
BCLAF1,INFEASIBLE,,INFEASIBLE,,INFEASIBLE,
BCOR,INFEASIBLE,,INFEASIBLE,,INFEASIBLE,
BCR,INFEASIBLE,,INFEASIBLE,,INFEASIBLE,
BCS1L,INFEASIBLE,,INFEASIBLE,,INFEASIBLE,
BDH1,INFEASIBLE,,INFEASIBLE,,INFEASIBLE,
BDH2,INFEASIBLE,,INFEASIBLE,,INFEASIBLE,
BDP1,INFEASIBLE,,INFEASIBLE,,INFEASIBLE,
BECN1,INFEASIBLE,,INFEASIBLE,,INFEASIBLE,
BEND6,INFEASIBLE,,INFEASIBLE,,INFEASIBLE,
BET1,INFEASIBLE,,INFEASIBLE,,INFEASIBLE,
BET1L,INFEASIBLE,,INFEASIBLE,,INFEASIBLE,
BEX1,INFEASIBLE,,INFEASIBLE,,INFEASIBLE,
BEX4,INFEASIBLE,,INFEASIBLE,,INFEASIBLE,
BFAR,INFEASIBLE,,INFEASIBLE,,INFEASIBLE,
BGN,INFEASIBLE,,INFEASIBLE,,INFEASIBLE,
BHMT2,INFEASIBLE,,INFEASIBLE,,INFEASIBLE,
BICC1,INFEASIBLE,,INFEASIBLE,,INFEASIBLE,
BICD1,INFEASIBLE,,INFEASIBLE,,INFEASIBLE,
BICD2,INFEASIBLE,,INFEASIBLE,,INFEASIBLE,
BID,INFEASIBLE,,INFEASIBLE,,INFEASIBLE,
BIN1,INFEASIBLE,,INFEASIBLE,,INFEASIBLE,
BIN3,INFEASIBLE,,INFEASIBLE,,INFEASIBLE,
BIRC2,INFEASIBLE,,INFEASIBLE,,INFEASIBLE,
BIRC5,INFEASIBLE,,INFEASIBLE,,INFEASIBLE,
BIRC6,INFEASIBLE,,INFEASIBLE,,INFEASIBLE,
BIVM,OPTIMAL,2.3090440622435615e-08,INFEASIBLE,,INFEASIBLE,
BLCAP,INFEASIBLE,,INFEASIBLE,,INFEASIBLE,
BLM,INFEASIBLE,,INFEASIBLE,,INFEASIBLE,
BLMH,INFEASIBLE,,INFEASIBLE,,INFEASIBLE,
BLOC1S1,INFEASIBLE,,INFEASIBLE,,INFEASIBLE,
BLOC1S2,INFEASIBLE,,INFEASIBLE,,INFEASIBLE,
BLOC1S3,INFEASIBLE,,INFEASIBLE,,INFEASIBLE,
BLOC1S4,INFEASIBLE,,INFEASIBLE,,INFEASIBLE,
BLOC1S5,INFEASIBLE,,INFEASIBLE,,INFEASIBLE,
BLOC1S6,INFEASIBLE,,INFEASIBLE,,INFEASIBLE,
BLVRA,INFEASIBLE,,INFEASIBLE,,INFEASIBLE,
BLVRB,INFEASIBLE,,INFEASIBLE,,INFEASIBLE,
BLZF1,INFEASIBLE,,INFEASIBLE,,INFEASIBLE,
BMI1,INFEASIBLE,,INFEASIBLE,,INFEASIBLE,
BMP1,OPTIMAL,-0.5841634177890803,INFEASIBLE,,INFEASIBLE,
BMP2K,INFEASIBLE,,INFEASIBLE,,INFEASIBLE,
BMPER,INFEASIBLE,,INFEASIBLE,,INFEASIBLE,
BMPR1A,OPTIMAL,-0.7263148907959324,INFEASIBLE,,INFEASIBLE,
BMPR2,INFEASIBLE,,INFEASIBLE,,INFEASIBLE,
BMS1,INFEASIBLE,,INFEASIBLE,,INFEASIBLE,
BNC1,INFEASIBLE,,INFEASIBLE,,INFEASIBLE,
BNC2,INFEASIBLE,,INFEASIBLE,,INFEASIBLE,
BNIP1,INFEASIBLE,,INFEASIBLE,,INFEASIBLE,
BNIP2,INFEASIBLE,,INFEASIBLE,,INFEASIBLE,
BNIP3,INFEASIBLE,,INFEASIBLE,,INFEASIBLE,
BNIP3L,INFEASIBLE,,INFEASIBLE,,INFEASIBLE,
BOC,INFEASIBLE,,INFEASIBLE,,INFEASIBLE,
BOD1,INFEASIBLE,,INFEASIBLE,,INFEASIBLE,
BOD1L1,INFEASIBLE,,INFEASIBLE,,INFEASIBLE,
BOK,INFEASIBLE,,INFEASIBLE,,INFEASIBLE,
BOLA1,INFEASIBLE,,INFEASIBLE,,INFEASIBLE,
BOLA2B,INFEASIBLE,,INFEASIBLE,,INFEASIBLE,
BOLA3,INFEASIBLE,,INFEASIBLE,,INFEASIBLE,
BOP1,INFEASIBLE,,INFEASIBLE,,INFEASIBLE,
BORA,INFEASIBLE,,INFEASIBLE,,INFEASIBLE,
BPGM,INFEASIBLE,,INFEASIBLE,,INFEASIBLE,
BPNT1,INFEASIBLE,,INFEASIBLE,,INFEASIBLE,
BPTF,INFEASIBLE,,INFEASIBLE,,INFEASIBLE,
BRAF,INFEASIBLE,,INFEASIBLE,,INFEASIBLE,
BRAP,INFEASIBLE,,INFEASIBLE,,INFEASIBLE,
BRAT1,INFEASIBLE,,INFEASIBLE,,INFEASIBLE,
BRCA1,INFEASIBLE,,INFEASIBLE,,INFEASIBLE,
BRCA2,INFEASIBLE,,INFEASIBLE,,INFEASIBLE,
BRCC3,INFEASIBLE,,INFEASIBLE,,INFEASIBLE,
BRD1,INFEASIBLE,,INFEASIBLE,,INFEASIBLE,
BRD2,INFEASIBLE,,INFEASIBLE,,INFEASIBLE,
BRD3,INFEASIBLE,,INFEASIBLE,,INFEASIBLE,
BRD4,INFEASIBLE,,INFEASIBLE,,INFEASIBLE,
BRD7,INFEASIBLE,,INFEASIBLE,,INFEASIBLE,
BRD8,INFEASIBLE,,INFEASIBLE,,INFEASIBLE,
BRD9,INFEASIBLE,,INFEASIBLE,,INFEASIBLE,
BRF1,OPTIMAL,-0.5291619161633184,OPTIMAL,-0.2975170193088876,INFEASIBLE,
BRI3,INFEASIBLE,,INFEASIBLE,,INFEASIBLE,
BRI3BP,INFEASIBLE,,INFEASIBLE,,INFEASIBLE,
BRIP1,INFEASIBLE,,INFEASIBLE,,INFEASIBLE,
BRIX1,INFEASIBLE,,INFEASIBLE,,INFEASIBLE,
BRK1,INFEASIBLE,,INFEASIBLE,,INFEASIBLE,
BRMS1,INFEASIBLE,,INFEASIBLE,,INFEASIBLE,
BRMS1L,INFEASIBLE,,INFEASIBLE,,INFEASIBLE,
BROX,INFEASIBLE,,INFEASIBLE,,INFEASIBLE,
BRPF1,INFEASIBLE,,INFEASIBLE,,INFEASIBLE,
BRPF3,INFEASIBLE,,INFEASIBLE,,INFEASIBLE,
BRWD1,INFEASIBLE,,INFEASIBLE,,INFEASIBLE,
BSDC1,INFEASIBLE,,INFEASIBLE,,INFEASIBLE,
BSG,INFEASIBLE,,INFEASIBLE,,INFEASIBLE,
BST1,INFEASIBLE,,INFEASIBLE,,INFEASIBLE,
BTAF1,INFEASIBLE,,INFEASIBLE,,INFEASIBLE,
BTBD1,INFEASIBLE,,INFEASIBLE,,INFEASIBLE,
BTBD10,INFEASIBLE,,INFEASIBLE,,INFEASIBLE,
BTBD2,INFEASIBLE,,INFEASIBLE,,INFEASIBLE,
BTBD3,INFEASIBLE,,INFEASIBLE,,INFEASIBLE,
BTBD6,INFEASIBLE,,INFEASIBLE,,INFEASIBLE,
BTBD7,INFEASIBLE,,INFEASIBLE,,INFEASIBLE,
BTD,INFEASIBLE,,INFEASIBLE,,INFEASIBLE,
BTF3,INFEASIBLE,,INFEASIBLE,,INFEASIBLE,
BTF3L4,OPTIMAL,-0.0437954536037449,INFEASIBLE,,INFEASIBLE,
BTG1,INFEASIBLE,,INFEASIBLE,,INFEASIBLE,
BTG2,OPTIMAL,-0.1856529421421178,OPTIMAL,0.0218081306499469,INFEASIBLE,
BTG3,INFEASIBLE,,INFEASIBLE,,INFEASIBLE,
BTN2A1,INFEASIBLE,,INFEASIBLE,,INFEASIBLE,
BTN3A2,INFEASIBLE,,INFEASIBLE,,INFEASIBLE,
BTRC,INFEASIBLE,,INFEASIBLE,,INFEASIBLE,
BUB1,INFEASIBLE,,INFEASIBLE,,INFEASIBLE,
BUB1B,INFEASIBLE,,INFEASIBLE,,INFEASIBLE,
BUB3,INFEASIBLE,,INFEASIBLE,,INFEASIBLE,
BUD13,INFEASIBLE,,INFEASIBLE,,INFEASIBLE,
BUD31,INFEASIBLE,,INFEASIBLE,,INFEASIBLE,
BVES,INFEASIBLE,,INFEASIBLE,,INFEASIBLE,
BYSL,INFEASIBLE,,INFEASIBLE,,INFEASIBLE,
BZW1,INFEASIBLE,,INFEASIBLE,,INFEASIBLE,
BZW2,INFEASIBLE,,INFEASIBLE,,INFEASIBLE,
C10orf88,INFEASIBLE,,INFEASIBLE,,INFEASIBLE,
C11orf24,INFEASIBLE,,INFEASIBLE,,INFEASIBLE,
C11orf54,INFEASIBLE,,INFEASIBLE,,INFEASIBLE,
C11orf58,INFEASIBLE,,INFEASIBLE,,INFEASIBLE,
C11orf68,INFEASIBLE,,INFEASIBLE,,INFEASIBLE,
C12orf43,INFEASIBLE,,INFEASIBLE,,INFEASIBLE,
C12orf57,INFEASIBLE,,INFEASIBLE,,INFEASIBLE,
C12orf75,INFEASIBLE,,INFEASIBLE,,INFEASIBLE,
C12orf76,INFEASIBLE,,INFEASIBLE,,INFEASIBLE,
C14orf119,INFEASIBLE,,INFEASIBLE,,INFEASIBLE,
C14orf132,OPTIMAL,-0.8999686109081854,INFEASIBLE,,INFEASIBLE,
C15orf39,INFEASIBLE,,INFEASIBLE,,INFEASIBLE,
C15orf40,INFEASIBLE,,INFEASIBLE,,INFEASIBLE,
C15orf61,INFEASIBLE,,INFEASIBLE,,INFEASIBLE,
C16orf74,INFEASIBLE,,INFEASIBLE,,INFEASIBLE,
C16orf87,INFEASIBLE,,INFEASIBLE,,INFEASIBLE,
C17orf58,INFEASIBLE,,INFEASIBLE,,INFEASIBLE,
C17orf67,INFEASIBLE,,INFEASIBLE,,INFEASIBLE,
C17orf75,INFEASIBLE,,INFEASIBLE,,INFEASIBLE,
C18orf21,INFEASIBLE,,INFEASIBLE,,INFEASIBLE,
C18orf54,INFEASIBLE,,INFEASIBLE,,INFEASIBLE,
C19orf12,INFEASIBLE,,INFEASIBLE,,INFEASIBLE,
C19orf25,INFEASIBLE,,INFEASIBLE,,INFEASIBLE,
C19orf53,INFEASIBLE,,INFEASIBLE,,INFEASIBLE,
C1D,INFEASIBLE,,INFEASIBLE,,INFEASIBLE,
C1GALT1,INFEASIBLE,,INFEASIBLE,,INFEASIBLE,
C1GALT1C1,INFEASIBLE,,INFEASIBLE,,INFEASIBLE,
C1orf122,INFEASIBLE,,INFEASIBLE,,INFEASIBLE,
C1orf131,INFEASIBLE,,INFEASIBLE,,INFEASIBLE,
C1orf159,INFEASIBLE,,INFEASIBLE,,INFEASIBLE,
C1orf174,INFEASIBLE,,INFEASIBLE,,INFEASIBLE,
C1orf198,INFEASIBLE,,INFEASIBLE,,INFEASIBLE,
C1orf21,INFEASIBLE,,INFEASIBLE,,INFEASIBLE,
C1orf216,INFEASIBLE,,INFEASIBLE,,INFEASIBLE,
C1orf35,INFEASIBLE,,INFEASIBLE,,INFEASIBLE,
C1orf43,INFEASIBLE,,INFEASIBLE,,INFEASIBLE,
C1orf50,INFEASIBLE,,INFEASIBLE,,INFEASIBLE,
C1orf52,INFEASIBLE,,INFEASIBLE,,INFEASIBLE,
C1orf53,INFEASIBLE,,INFEASIBLE,,INFEASIBLE,
C1orf56,OPTIMAL,-2.249708513210287e-08,OPTIMAL,-0.1991842936505436,INFEASIBLE,
C1orf74,OPTIMAL,-0.11410689324399,OPTIMAL,-0.1297320747069643,INFEASIBLE,
C1QBP,INFEASIBLE,,INFEASIBLE,,INFEASIBLE,
C1QTNF2,OPTIMAL,-0.7497736750880808,INFEASIBLE,,INFEASIBLE,
C1R,INFEASIBLE,,INFEASIBLE,,INFEASIBLE,
C1S,INFEASIBLE,,INFEASIBLE,,INFEASIBLE,
C20orf96,OPTIMAL,-0.1816350672889779,INFEASIBLE,,INFEASIBLE,
C21orf58,INFEASIBLE,,INFEASIBLE,,INFEASIBLE,
C21orf91,OPTIMAL,-0.0384392010881223,OPTIMAL,-0.0128178375684055,INFEASIBLE,
C22orf39,INFEASIBLE,,INFEASIBLE,,INFEASIBLE,
C2CD2,INFEASIBLE,,INFEASIBLE,,INFEASIBLE,
C2CD2L,INFEASIBLE,,INFEASIBLE,,INFEASIBLE,
C2CD3,INFEASIBLE,,INFEASIBLE,,INFEASIBLE,
C2CD5,INFEASIBLE,,INFEASIBLE,,INFEASIBLE,
C2orf42,INFEASIBLE,,INFEASIBLE,,INFEASIBLE,
C2orf49,INFEASIBLE,,INFEASIBLE,,INFEASIBLE,
C2orf68,INFEASIBLE,,INFEASIBLE,,INFEASIBLE,
C2orf69,INFEASIBLE,,INFEASIBLE,,INFEASIBLE,
C2orf74,INFEASIBLE,,INFEASIBLE,,INFEASIBLE,
C2orf76,INFEASIBLE,,INFEASIBLE,,INFEASIBLE,
C2orf81,OPTIMAL,-0.0544988515498183,OPTIMAL,-0.6684074509920588,INFEASIBLE,
C3orf18,INFEASIBLE,,INFEASIBLE,,INFEASIBLE,
C3orf38,INFEASIBLE,,INFEASIBLE,,INFEASIBLE,
C3orf70,OPTIMAL,-0.1021427085216985,OPTIMAL,-0.1498371940864316,INFEASIBLE,
C4orf3,INFEASIBLE,,INFEASIBLE,,INFEASIBLE,
C4orf33,INFEASIBLE,,INFEASIBLE,,INFEASIBLE,
C4orf36,OPTIMAL,-0.1232166595158793,INFEASIBLE,,INFEASIBLE,
C4orf46,INFEASIBLE,,INFEASIBLE,,INFEASIBLE,
C5orf15,INFEASIBLE,,INFEASIBLE,,INFEASIBLE,
C5orf22,INFEASIBLE,,INFEASIBLE,,INFEASIBLE,
C5orf24,INFEASIBLE,,INFEASIBLE,,INFEASIBLE,
C5orf34,INFEASIBLE,,INFEASIBLE,,INFEASIBLE,
C5orf63,OPTIMAL,-0.0554851470743014,INFEASIBLE,,INFEASIBLE,
C6orf120,INFEASIBLE,,INFEASIBLE,,INFEASIBLE,
C6orf136,INFEASIBLE,,INFEASIBLE,,INFEASIBLE,
C6orf226,INFEASIBLE,,INFEASIBLE,,INFEASIBLE,
C6orf62,INFEASIBLE,,INFEASIBLE,,INFEASIBLE,
C6orf89,INFEASIBLE,,INFEASIBLE,,INFEASIBLE,
C7orf50,INFEASIBLE,,INFEASIBLE,,INFEASIBLE,
C8orf33,INFEASIBLE,,INFEASIBLE,,INFEASIBLE,
C8orf48,INFEASIBLE,,INFEASIBLE,,INFEASIBLE,
C8orf58,INFEASIBLE,,INFEASIBLE,,INFEASIBLE,
C8orf76,INFEASIBLE,,INFEASIBLE,,INFEASIBLE,
C8orf82,INFEASIBLE,,INFEASIBLE,,INFEASIBLE,
C8orf88,OPTIMAL,-0.1101795499749528,OPTIMAL,-0.1871925155313136,INFEASIBLE,
C9orf40,INFEASIBLE,,INFEASIBLE,,INFEASIBLE,
C9orf72,OPTIMAL,-0.1163876128662815,OPTIMAL,-0.0853461652969835,INFEASIBLE,
C9orf78,INFEASIBLE,,INFEASIBLE,,INFEASIBLE,
C9orf85,INFEASIBLE,,INFEASIBLE,,INFEASIBLE,
CA12,INFEASIBLE,,INFEASIBLE,,INFEASIBLE,
CA13,OPTIMAL,-0.2240648384743949,INFEASIBLE,,INFEASIBLE,
CA7,INFEASIBLE,,INFEASIBLE,,INFEASIBLE,
CAAP1,INFEASIBLE,,INFEASIBLE,,INFEASIBLE,
CAB39,INFEASIBLE,,INFEASIBLE,,INFEASIBLE,
CAB39L,INFEASIBLE,,INFEASIBLE,,INFEASIBLE,
CABIN1,INFEASIBLE,,INFEASIBLE,,INFEASIBLE,
CABLES2,INFEASIBLE,,INFEASIBLE,,INFEASIBLE,
CABYR,INFEASIBLE,,INFEASIBLE,,INFEASIBLE,
CACFD1,INFEASIBLE,,INFEASIBLE,,INFEASIBLE,
CACNA1C,INFEASIBLE,,INFEASIBLE,,INFEASIBLE,
CACNA2D1,INFEASIBLE,,INFEASIBLE,,INFEASIBLE,
CACNB3,INFEASIBLE,,INFEASIBLE,,INFEASIBLE,
CACTIN,INFEASIBLE,,INFEASIBLE,,INFEASIBLE,
CACUL1,INFEASIBLE,,INFEASIBLE,,INFEASIBLE,
CACYBP,INFEASIBLE,,INFEASIBLE,,INFEASIBLE,
CAD,INFEASIBLE,,INFEASIBLE,,INFEASIBLE,
CADM2,OPTIMAL,1.3613726129991347e-09,OPTIMAL,6.450124780138815e-09,OPTIMAL,-5.049940314001272e-10
CALCOCO1,OPTIMAL,-0.0772094761375553,INFEASIBLE,,INFEASIBLE,
CALCOCO2,INFEASIBLE,,INFEASIBLE,,INFEASIBLE,
CALD1,INFEASIBLE,,INFEASIBLE,,INFEASIBLE,
CALHM2,INFEASIBLE,,INFEASIBLE,,INFEASIBLE,
CALM1,INFEASIBLE,,INFEASIBLE,,INFEASIBLE,
CALM2,INFEASIBLE,,INFEASIBLE,,INFEASIBLE,
CALM3,INFEASIBLE,,INFEASIBLE,,INFEASIBLE,
CALR,INFEASIBLE,,INFEASIBLE,,INFEASIBLE,
CALU,INFEASIBLE,,INFEASIBLE,,INFEASIBLE,
CAMK2B,INFEASIBLE,,INFEASIBLE,,INFEASIBLE,
CAMK2D,OPTIMAL,-0.3892228432065152,INFEASIBLE,,INFEASIBLE,
CAMK2G,INFEASIBLE,,INFEASIBLE,,INFEASIBLE,
CAMK2N1,INFEASIBLE,,INFEASIBLE,,INFEASIBLE,
CAMK4,INFEASIBLE,,INFEASIBLE,,INFEASIBLE,
CAMKK1,INFEASIBLE,,INFEASIBLE,,INFEASIBLE,
CAMKK2,INFEASIBLE,,INFEASIBLE,,INFEASIBLE,
CAMLG,INFEASIBLE,,INFEASIBLE,,INFEASIBLE,
CAMSAP1,INFEASIBLE,,INFEASIBLE,,INFEASIBLE,
CAMSAP2,INFEASIBLE,,INFEASIBLE,,INFEASIBLE,
CAMTA1,INFEASIBLE,,INFEASIBLE,,INFEASIBLE,
CAMTA2,OPTIMAL,-0.3143997354837424,INFEASIBLE,,INFEASIBLE,
CAND1,INFEASIBLE,,INFEASIBLE,,INFEASIBLE,
CANT1,INFEASIBLE,,INFEASIBLE,,INFEASIBLE,
CANX,INFEASIBLE,,INFEASIBLE,,INFEASIBLE,
CAP1,INFEASIBLE,,INFEASIBLE,,INFEASIBLE,
CAP2,INFEASIBLE,,INFEASIBLE,,INFEASIBLE,
